rk,school,school_url,school_id,city_state,from,to,yrs,g,w,l,wl_pct,srs,sos,ap,creg,ctrn,ncaa,ff,nc
1,Abilene Christian Wildcats,/cbb/schools/abilene-christian/,abilene-christian,"Abilene, Texas",1971,2017,7,197,85,112,.431,-13.72,-6.89,0,0,0,0,0,0
2,Air Force Falcons,/cbb/schools/air-force/,air-force,"USAF Academy, Colorado",1958,2017,59,1608,703,905,.437,-2.61,1.32,0,1,0,4,0,0
3,Akron Zips,/cbb/schools/akron/,akron,"Akron, Ohio",1902,2017,66,1497,887,610,.593,-0.40,-1.55,0,8,4,4,0,0
4,Alabama A&M Bulldogs,/cbb/schools/alabama-am/,alabama-am,"Normal, Alabama",2000,2017,18,517,216,301,.418,-16.37,-11.79,0,1,1,1,0,0
5,Alabama Crimson Tide,/cbb/schools/alabama/,alabama,"Tuscaloosa, Alabama",1913,2017,104,2655,1639,1015,.618,7.11,4.38,15,10,7,20,0,0
6,Alabama State Hornets,/cbb/schools/alabama-state/,alabama-state,"Montgomery, Alabama",1983,2017,35,1034,512,522,.495,-12.63,-10.22,0,4,4,4,0,0
7,Alabama-Birmingham Blazers,/cbb/schools/alabama-birmingham/,alabama-birmingham,"Birmingham, Alabama",1980,2017,38,1220,761,459,.624,6.76,2.93,2,7,5,15,0,0
8,Albany (NY) Great Danes,/cbb/schools/albany-ny/,albany-ny,"Albany, New York",2000,2017,18,562,278,284,.495,-6.86,-6.09,0,2,4,5,0,0
9,Alcorn State Braves,/cbb/schools/alcorn-state/,alcorn-state,"Alcorn State, Mississippi",1978,2017,40,1182,516,666,.437,-13.22,-8.86,0,10,6,6,0,0
10,Allegheny Gators,/cbb/schools/allegheny/,allegheny,"Meadville, Pennsylvania",1896,1916,21,234,191,41,.823,,,0,0,0,,,
11,American Eagles,/cbb/schools/american/,american,"Washington, D.C.",1967,2017,51,1443,718,725,.498,-5.42,-3.62,0,7,3,3,0,0
12,Amherst Lord Jeffs,/cbb/schools/amherst/,amherst,"Amherst, Massachusetts",1901,1902,2,12,12,0,1.000,,,0,0,0,,,
13,Appalachian State Mountaineers,/cbb/schools/appalachian-state/,appalachian-state,"Boone, North Carolina",1974,2017,44,1287,631,656,.490,-6.09,-3.47,0,10,2,2,0,0
14,Arizona State Sun Devils,/cbb/schools/arizona-state/,arizona-state,"Tempe, Arizona",1912,2017,102,2473,1305,1168,.528,4.63,3.78,7,8,0,14,0,0
15,Arizona Wildcats,/cbb/schools/arizona/,arizona,"Tucson, Arizona",1905,2017,110,2655,1743,911,.657,8.67,4.93,26,23,6,34,4,1
16,Arkansas Razorbacks,/cbb/schools/arkansas/,arkansas,"Fayetteville, Arkansas",1924,2017,94,2574,1647,927,.640,7.27,2.85,16,26,7,31,6,1
17,Arkansas State Red Wolves,/cbb/schools/arkansas-state/,arkansas-state,"State University, Arkansas",1971,2017,47,1353,700,653,.517,-3.38,-3.02,0,7,1,1,0,0
18,Arkansas-Little Rock Trojans,/cbb/schools/arkansas-little-rock/,arkansas-little-rock,"Little Rock, Arkansas",1979,2017,39,1167,659,508,.565,-3.10,-3.65,0,12,4,5,0,0
19,Arkansas-Pine Bluff Golden Lions,/cbb/schools/arkansas-pine-bluff/,arkansas-pine-bluff,"Pine Bluff, Arkansas",1999,2017,19,570,168,402,.295,-19.95,-8.62,0,0,1,1,0,0
20,Armstrong Pirates,/cbb/schools/armstrong/,armstrong,"Savannah, Georgia",1987,1987,1,28,6,22,.214,-21.60,-4.78,0,0,0,0,0,0
21,Army Black Knights,/cbb/schools/army/,army,"West Point, New York",1903,2017,115,2424,1209,1215,.499,-9.27,-4.62,0,0,0,0,0,0
22,Auburn Tigers,/cbb/schools/auburn/,auburn,"Auburn, Alabama",1906,2017,111,2494,1308,1185,.525,5.02,3.97,5,3,1,8,0,0
23,Augusta State Jaguars,/cbb/schools/augusta-state/,augusta-state,"Augusta, Georgia",1985,1991,7,197,64,133,.325,-17.30,-8.00,0,0,0,0,0,0
24,Augustana (IL) Vikings,/cbb/schools/augustana-il/,augustana-il,"Rock Island, Illinois",1902,1917,12,116,81,35,.698,,,0,0,0,,,
25,Austin Peay Governors,/cbb/schools/austin-peay/,austin-peay,"Clarksville, Tennessee",1964,2017,54,1540,762,778,.495,-5.70,-3.37,1,8,5,7,0,0
26,Baker University Wildcats,/cbb/schools/baker-university/,baker-university,"Baldwin City, Kansas",1903,1908,6,90,62,28,.689,,,0,0,0,,,
27,Baldwin-Wallace Yellow Jackets,/cbb/schools/baldwin-wallace/,baldwin-wallace,"Berea, Ohio",1948,1953,6,139,82,57,.590,-4.45,1.84,0,0,0,0,0,0
28,Ball State Cardinals,/cbb/schools/ball-state/,ball-state,"Muncie, Indiana",1972,2017,46,1347,715,632,.531,-1.02,-0.69,1,10,7,7,0,0
29,Baltimore Super Bees,/cbb/schools/baltimore/,baltimore,"Baltimore, Maryland",1979,1983,5,133,46,87,.346,-13.76,-6.45,0,0,0,0,0,0
30,Baylor Bears,/cbb/schools/baylor/,baylor,"Waco, Texas",1907,2017,111,2656,1312,1344,.494,0.99,2.28,6,5,0,11,2,0
31,Belmont Bruins,/cbb/schools/belmont/,belmont,"Nashville, Tennessee",2000,2017,18,569,364,205,.640,0.36,-3.38,0,10,7,7,0,0
32,Beloit Buccaneers,/cbb/schools/beloit/,beloit,"Beloit, Wisconsin",1911,1924,8,95,66,28,.702,,,0,0,0,,,
33,Bethune-Cookman Wildcats,/cbb/schools/bethune-cookman/,bethune-cookman,"Daytona Beach, Florida",1981,2017,37,1092,385,707,.353,-17.07,-9.94,0,1,0,0,0,0
34,Binghamton Bearcats,/cbb/schools/binghamton/,binghamton,"Binghamton, New York",2002,2017,16,481,174,307,.362,-10.86,-5.55,0,1,1,1,0,0
35,Birmingham-Southern Panthers,/cbb/schools/birmingham-southern/,birmingham-southern,"Birmingham, Alabama",1920,2006,5,105,65,40,.619,-5.44,-8.71,0,1,0,0,0,0
36,Bloomsburg Huskies,/cbb/schools/bloomsburg/,bloomsburg,"Bloomsburg, Pennsylvania",1896,1911,15,143,88,55,.615,,,0,0,0,,,
37,Boise State Broncos,/cbb/schools/boise-state/,boise-state,"Boise, Idaho",1972,2017,46,1348,747,601,.554,-0.24,-0.81,0,6,5,7,0,0
38,Boston College Eagles,/cbb/schools/boston-college/,boston-college,"Chestnut Hill, Massachusetts",1946,2017,72,2016,1110,906,.551,3.02,2.97,8,6,2,18,0,0
39,Boston University Terriers,/cbb/schools/boston-university/,boston-university,"Boston, Massachusetts",1916,2017,91,2067,1062,1005,.514,-6.82,-5.47,0,8,6,7,0,0
40,Bowling Green State Falcons,/cbb/schools/bowling-green-state/,bowling-green-state,"Bowling Green, Ohio",1916,2017,102,2506,1349,1157,.538,-0.44,0.11,2,9,0,4,0,0
41,Bradley Braves,/cbb/schools/bradley/,bradley,"Peoria, Illinois",1903,2017,113,2803,1629,1174,.581,4.79,3.10,12,7,2,8,2,0
42,Brigham Young College ,/cbb/schools/brigham-young-college/,brigham-young-college,"Logan, Utah",1908,1908,1,11,10,1,.909,,,0,0,0,,,
43,Brigham Young Cougars,/cbb/schools/brigham-young/,brigham-young,"Provo, Utah",1903,2017,115,2857,1786,1071,.625,7.58,3.57,10,25,3,29,0,0
44,Brooklyn Bulldogs,/cbb/schools/brooklyn/,brooklyn,"Brooklyn, New York",1934,1992,25,567,233,334,.411,-19.21,-9.62,0,0,0,0,0,0
45,Brown Bears,/cbb/schools/brown/,brown,"Providence, Rhode Island",1901,2017,111,2515,1014,1501,.403,-11.15,-4.63,0,1,0,2,0,0
46,Bryant Bulldogs,/cbb/schools/bryant/,bryant,"Smithfield, Rhode Island",2011,2017,7,217,84,133,.387,-10.25,-4.86,0,0,0,0,0,0
47,Bucknell Bison,/cbb/schools/bucknell/,bucknell,"Lewisburg, Pennsylvania",1896,2017,122,2610,1403,1207,.538,-8.56,-6.99,0,16,7,7,0,0
48,Buffalo Bulls,/cbb/schools/buffalo/,buffalo,"Buffalo, New York",1907,2017,48,1133,554,579,.489,-6.26,-2.66,0,3,2,2,0,0
49,Butler Bulldogs,/cbb/schools/butler/,butler,"Indianapolis, Indiana",1897,2017,119,2674,1560,1114,.583,1.34,2.87,7,13,7,15,2,0
50,Cal Poly Mustangs,/cbb/schools/cal-poly/,cal-poly,"San Luis Obispo, California",1995,2017,23,675,281,394,.416,-6.10,-1.73,0,1,1,1,0,0
51,Cal State Bakersfield Roadrunners,/cbb/schools/cal-state-bakersfield/,cal-state-bakersfield,"Bakersfield, California",2011,2017,7,222,115,107,.518,-4.36,-3.60,0,1,1,1,0,0
52,Cal State Fullerton Titans,/cbb/schools/cal-state-fullerton/,cal-state-fullerton,"Fullerton, California",1975,2017,43,1247,588,659,.472,-1.82,-0.23,0,2,2,2,0,0
53,Cal State Los Angeles Golden Eagles,/cbb/schools/cal-state-los-angeles/,cal-state-los-angeles,"Los Angeles, California",1971,1975,5,130,70,60,.538,-1.89,1.34,0,0,0,1,0,0
54,Cal State Northridge Matadors,/cbb/schools/cal-state-northridge/,cal-state-northridge,"Northridge, California",1991,2017,27,801,350,451,.437,-4.93,-1.77,0,3,2,2,0,0
55,Campbell Fighting Camels,/cbb/schools/campbell/,campbell,"Buies Creek, North Carolina",1978,2017,40,1146,465,681,.406,-13.08,-7.18,0,1,1,1,0,0
56,Canisius Golden Griffins,/cbb/schools/canisius/,canisius,"Buffalo, New York",1904,2017,113,2509,1271,1238,.507,-3.64,-1.56,1,7,1,4,0,0
57,Carleton College Knights,/cbb/schools/carleton-college/,carleton-college,"Northfield, Minnesota",1910,1934,25,360,280,80,.778,,,0,0,0,,,
58,Carnegie Mellon Tartans,/cbb/schools/carnegie-mellon/,carnegie-mellon,"Pittsburgh, Pennsylvania",1933,1939,7,87,40,47,.460,,,0,2,0,0,0,0
59,Case Western Reserve Spartans,/cbb/schools/case-western-reserve/,case-western-reserve,"Cleveland, Ohio",1898,1955,13,245,95,150,.388,-18.31,-2.68,0,0,0,0,0,0
60,Catholic Cardinals,/cbb/schools/catholic/,catholic,"Washington, D.C.",1913,1981,13,248,122,126,.492,-15.98,-6.69,0,0,0,1,0,0
61,Centenary (LA) Gents,/cbb/schools/centenary-la/,centenary-la,"Shreveport, Louisiana",1960,2011,52,1435,637,798,.444,-8.73,-3.96,1,1,1,0,0,0
62,Central Arkansas Bears,/cbb/schools/central-arkansas/,central-arkansas,"Conway, Arkansas",2011,2017,7,206,51,155,.248,-16.37,-5.48,0,0,0,0,0,0
63,Central Connecticut State Blue Devils,/cbb/schools/central-connecticut-state/,central-connecticut-state,"New Britain, Connecticut",1987,2017,31,898,366,532,.408,-12.47,-7.78,0,3,3,3,0,0
64,Central Florida Knights,/cbb/schools/central-florida/,central-florida,"Orlando, Florida",1985,2017,33,984,484,500,.492,-5.09,-3.26,0,1,4,4,0,0
65,Central Michigan Chippewas,/cbb/schools/central-michigan/,central-michigan,"Mount Pleasant, Michigan",1974,2017,44,1254,544,710,.434,-4.06,-0.32,0,8,2,4,0,0
66,Central Missouri Mules,/cbb/schools/central-missouri/,central-missouri,"Warrensburg, Missouri",1913,1937,10,178,140,38,.787,,,0,0,0,,,
67,Central Normal College ,/cbb/schools/central-normal-college/,central-normal-college,"Danville, Indiana",1931,1931,1,19,19,0,1.000,,,0,0,0,,,
68,Central Pennsylvania College Knights,/cbb/schools/central-pennsylvania-college/,central-pennsylvania-college,"Summerdale, Pennsylvania",1896,1900,4,6,2,4,.333,,,0,0,0,,,
69,Centre (KY) Colonels,/cbb/schools/centre-ky/,centre-ky,"Danville, Kentucky",1910,1919,3,45,41,4,.911,,,0,0,0,,,
70,Charleston Southern Buccaneers,/cbb/schools/charleston-southern/,charleston-southern,"Charleston, South Carolina",1975,2017,43,1226,503,723,.410,-13.58,-7.31,0,4,4,1,0,0
71,Charlotte 49ers,/cbb/schools/charlotte/,charlotte,"Charlotte, North Carolina",1973,2017,45,1341,753,588,.562,4.03,2.22,2,6,5,11,1,0
72,Chattanooga Mocs,/cbb/schools/chattanooga/,chattanooga,"Chattanooga, Tennessee",1978,2017,40,1227,753,474,.614,-2.21,-3.72,1,19,11,11,0,0
73,Cheyenne Business College ,/cbb/schools/cheyenne-business-college/,cheyenne-business-college,"Cheyenne, Wyoming",1903,1903,1,1,1,0,1.000,,,0,0,0,,,
74,Chicago Maroons,/cbb/schools/chicago/,chicago,"Chicago, Illinois",1896,1946,46,862,419,443,.486,,,0,6,0,0,0,0
75,Chicago State Cougars,/cbb/schools/chicago-state/,chicago-state,"Chicago, Illinois",1985,2017,33,959,263,696,.274,-14.56,-2.42,0,0,1,0,0,0
76,Cincinnati Bearcats,/cbb/schools/cincinnati/,cincinnati,"Cincinnati, Ohio",1902,2017,116,2760,1756,1004,.636,11.50,5.02,23,23,10,31,6,2
77,Citadel Bulldogs,/cbb/schools/citadel/,citadel,"Charleston, South Carolina",1913,2017,105,2300,974,1326,.423,-13.12,-5.67,0,0,0,0,0,0
78,City College of New York Beavers,/cbb/schools/city-college-of-new-york/,city-college-of-new-york,"New York, New York",1906,1953,48,725,517,208,.713,-0.07,2.71,0,1,0,2,2,1
79,Clemson Tigers,/cbb/schools/clemson/,clemson,"Clemson, South Carolina",1912,2017,106,2567,1286,1279,.501,5.03,4.02,5,1,1,11,0,0
80,Cleveland State Vikings,/cbb/schools/cleveland-state/,cleveland-state,"Cleveland, Ohio",1973,2017,45,1313,660,653,.503,-3.04,-1.52,0,4,2,2,0,0
81,Coastal Carolina Chanticleers,/cbb/schools/coastal-carolina/,coastal-carolina,"Conway, South Carolina",1987,2017,31,924,473,451,.512,-8.73,-6.69,0,7,5,4,0,0
82,Colgate Raiders,/cbb/schools/colgate/,colgate,"Hamilton, New York",1901,2017,117,2615,1238,1377,.473,-11.42,-5.73,0,3,2,2,0,0
83,College of Charleston Cougars,/cbb/schools/college-of-charleston/,college-of-charleston,"Charleston, South Carolina",1992,2017,26,810,559,251,.690,1.06,-4.36,2,12,3,4,0,0
84,College of New Jersey Lions,/cbb/schools/college-of-new-jersey/,college-of-new-jersey,"Ewing, New Jersey",1900,1900,1,5,3,2,.600,,,0,0,0,,,
85,Colorado Buffaloes,/cbb/schools/colorado/,colorado,"Boulder, Colorado",1902,2017,114,2461,1277,1184,.519,4.86,5.92,5,19,1,14,2,0
86,Colorado College Tigers,/cbb/schools/colorado-college/,colorado-college,"Colorado Springs, Colorado",1915,1937,23,376,233,143,.620,,,0,7,0,,,
87,Colorado School of Mines Orediggers,/cbb/schools/colorado-school-of-mines/,colorado-school-of-mines,"Golden, Colorado",1908,1937,28,282,80,202,.284,,,0,2,0,,,
88,Colorado State Rams,/cbb/schools/colorado-state/,colorado-state,"Fort Collins, Colorado",1902,2017,113,2474,1243,1231,.502,2.77,2.34,0,6,1,10,0,0
89,Columbia Lions,/cbb/schools/columbia/,columbia,"New York, New York",1901,2017,117,2563,1284,1279,.501,-7.71,-5.28,2,13,0,3,0,0
90,Concordia Seminary Preachers,/cbb/schools/concordia-seminary/,concordia-seminary,"St. Louis, Missouri",1907,1923,2,16,14,2,.875,,,0,0,0,,,
91,Connecticut Huskies,/cbb/schools/connecticut/,connecticut,"Storrs, Connecticut",1901,2017,111,2548,1626,922,.638,6.40,0.77,16,27,8,32,5,4
92,Coppin State Eagles,/cbb/schools/coppin-state/,coppin-state,"Baltimore, Maryland",1986,2017,32,967,464,503,.480,-10.15,-8.29,0,10,4,4,0,0
93,Cornell Big Red,/cbb/schools/cornell/,cornell,"Ithaca, New York",1899,2017,119,2644,1235,1409,.467,-7.80,-4.60,0,8,0,5,0,0
94,Cotner University ,/cbb/schools/cotner-university/,cotner-university,"Lincoln, Nebraska",1910,1911,2,27,24,3,.889,,,0,0,0,,,
95,Creighton Bluejays,/cbb/schools/creighton/,creighton,"Omaha, Nebraska",1912,2017,97,2514,1521,993,.605,3.22,3.12,4,15,12,20,0,0
96,Cumberland University Bulldogs,/cbb/schools/cumberland-university/,cumberland-university,"Lebanon, Tennessee",1904,1904,1,4,4,0,1.000,,,0,0,0,,,
97,Dakota Wesleyan Tigers,/cbb/schools/dakota-wesleyan/,dakota-wesleyan,"Mitchell, South Dakota",1932,1932,1,20,19,1,.950,,,0,0,0,,,
98,Dartmouth Big Green,/cbb/schools/dartmouth/,dartmouth,"Hanover, New Hampshire",1900,2017,117,2775,1289,1484,.465,-11.01,-5.21,0,12,0,7,2,0
99,Davidson Wildcats,/cbb/schools/davidson/,davidson,"Davidson, North Carolina",1909,2017,108,2612,1416,1196,.542,-3.49,-3.21,6,24,12,13,0,0
100,Dayton Flyers,/cbb/schools/dayton/,dayton,"Dayton, Ohio",1904,2017,112,2699,1610,1089,.597,6.84,3.19,7,5,2,18,1,0
101,Delaware Fightin' Blue Hens,/cbb/schools/delaware/,delaware,"Newark, Delaware",1906,2017,76,1823,900,922,.494,-8.69,-6.09,0,4,5,5,0,0
102,Delaware State Hornets,/cbb/schools/delaware-state/,delaware-state,"Dover, Delaware",1974,2017,44,1265,520,745,.411,-16.13,-10.30,0,3,1,1,0,0
103,Denison Big Red,/cbb/schools/denison/,denison,"Granville, Ohio",1905,1944,24,362,269,93,.743,,,0,0,0,0,0,0
104,Denver Pioneers,/cbb/schools/denver/,denver,"Denver, Colorado",1904,2017,94,2014,918,1096,.456,-3.50,-0.51,0,4,0,0,0,0
105,DePaul Blue Demons,/cbb/schools/depaul/,depaul,"Chicago, Illinois",1924,2017,94,2424,1437,987,.593,6.13,5.83,12,2,0,22,2,0
106,DePauw Tigers,/cbb/schools/depauw/,depauw,"Greencastle, Indiana",1916,1932,17,276,182,94,.659,,,0,0,0,,,
107,Detroit Mercy Titans,/cbb/schools/detroit-mercy/,detroit-mercy,"Detroit, Michigan",1910,2017,108,2586,1397,1189,.540,0.52,1.20,2,2,3,6,0,0
108,Dickinson College Red Devils,/cbb/schools/dickinson-college/,dickinson-college,"Carlisle, Pennsylvania",1926,1947,2,34,30,4,.882,,,0,0,0,0,0,0
109,Drake Bulldogs,/cbb/schools/drake/,drake,"Des Moines, Iowa",1907,2017,111,2655,1202,1453,.453,0.96,3.09,5,8,1,4,1,0
110,Drexel Dragons,/cbb/schools/drexel/,drexel,"Philadelphia, Pennsylvania",1895,2017,47,1289,718,571,.557,-3.34,-4.61,0,7,4,4,0,0
111,Duke Blue Devils,/cbb/schools/duke/,duke,"Durham, North Carolina",1906,2017,112,2988,2115,873,.708,15.87,6.53,46,22,25,41,16,5
112,Duquesne Dukes,/cbb/schools/duquesne/,duquesne,"Pittsburgh, Pennsylvania",1914,2017,101,2462,1367,1095,.555,2.06,2.10,7,2,1,5,1,0
113,East Carolina Pirates,/cbb/schools/east-carolina/,east-carolina,"Greenville, North Carolina",1967,2017,51,1452,644,808,.444,-4.74,-1.30,0,0,2,2,0,0
114,East Central Tigers,/cbb/schools/east-central/,east-central,"Ada, Oklahoma",1929,1931,3,74,66,8,.892,,,0,0,0,,,
115,East Tennessee State Buccaneers,/cbb/schools/east-tennessee-state/,east-tennessee-state,"Johnson City, Tennessee",1959,2017,59,1674,898,776,.536,-4.60,-3.54,1,10,9,10,0,0
116,Eastern Illinois Panthers,/cbb/schools/eastern-illinois/,eastern-illinois,"Charleston, Illinois",1982,2017,36,1052,486,566,.462,-7.25,-4.25,0,0,3,2,0,0
117,Eastern Kentucky Colonels,/cbb/schools/eastern-kentucky/,eastern-kentucky,"Richmond, Kentucky",1948,2017,67,1791,882,909,.492,-4.54,-2.62,0,7,5,8,0,0
118,Eastern Michigan Eagles,/cbb/schools/eastern-michigan/,eastern-michigan,"Ypsilanti, Michigan",1933,2017,45,1321,622,699,.471,-3.13,-0.32,0,5,4,4,0,0
119,Eastern Washington Eagles,/cbb/schools/eastern-washington/,eastern-washington,"Cheney, Washington",1984,2017,34,983,413,570,.420,-6.57,-2.19,0,3,2,2,0,0
120,Elon Phoenix,/cbb/schools/elon/,elon,"Elon, North Carolina",2000,2017,18,553,240,313,.434,-8.39,-3.90,0,2,0,0,0,0
121,Emporia State Hornets,/cbb/schools/emporia-state/,emporia-state,"Emporia, Kansas",1934,1934,1,18,17,1,.944,,,0,0,0,,,
122,Evansville Purple Aces,/cbb/schools/evansville/,evansville,"Evansville, Indiana",1925,2017,44,1241,679,562,.547,1.62,1.04,0,6,4,5,0,0
123,Fairfield Stags,/cbb/schools/fairfield/,fairfield,"Fairfield, Connecticut",1965,2017,53,1509,741,768,.491,-4.16,-2.82,0,3,3,3,0,0
124,Fairleigh Dickinson Knights,/cbb/schools/fairleigh-dickinson/,fairleigh-dickinson,"Teaneck, New Jersey",1968,2017,50,1398,672,726,.481,-10.04,-6.99,0,5,5,5,0,0
125,Florida A&M Rattlers,/cbb/schools/florida-am/,florida-am,"Tallahassee, Florida",1980,2017,38,1120,433,687,.387,-15.88,-9.14,0,0,4,3,0,0
126,Florida Atlantic Owls,/cbb/schools/florida-atlantic/,florida-atlantic,"Boca Raton, Florida",1994,2017,24,708,251,457,.355,-9.90,-3.63,0,1,1,1,0,0
127,Florida Gators,/cbb/schools/florida/,florida,"Gainesville, Florida",1921,2017,96,2478,1391,1086,.562,7.56,4.71,14,9,4,20,5,2
128,Florida Gulf Coast Eagles,/cbb/schools/florida-gulf-coast/,florida-gulf-coast,"Fort Myers, Florida",2011,2017,7,236,142,94,.602,-1.74,-3.58,0,2,3,3,0,0
129,Florida International Panthers,/cbb/schools/florida-international/,florida-international,"Miami, Florida",1988,2017,30,886,345,541,.389,-8.58,-3.46,0,1,1,1,0,0
130,Florida State Seminoles,/cbb/schools/florida-state/,florida-state,"Tallahassee, Florida",1957,2017,61,1789,1050,739,.587,7.08,4.73,9,2,2,15,1,0
131,Fordham Rams,/cbb/schools/fordham/,fordham,"Bronx, New York",1903,2017,113,2841,1497,1344,.527,-2.64,-0.25,1,4,4,4,0,0
132,Franklin Grizzlies,/cbb/schools/franklin/,franklin,"Franklin, Indiana",1907,1925,18,221,144,77,.652,,,0,0,0,,,
133,Fresno State Bulldogs,/cbb/schools/fresno-state/,fresno-state,"Fresno, California",1956,2017,50,1505,842,663,.559,2.30,1.73,1,6,5,6,0,0
134,Furman Paladins,/cbb/schools/furman/,furman,"Greenville, South Carolina",1920,2017,96,2424,1194,1230,.493,-6.71,-4.25,0,6,6,6,0,0
135,Gardner-Webb Runnin' Bulldogs,/cbb/schools/gardner-webb/,gardner-webb,"Boiling Springs, North Carolina",2003,2017,15,470,213,257,.453,-8.51,-4.71,0,1,0,0,0,0
136,Geneva Golden Tornadoes,/cbb/schools/geneva/,geneva,"Beaver Falls, Pennsylvania",1893,1943,10,125,80,45,.640,,,0,0,0,0,0,0
137,George Mason Patriots,/cbb/schools/george-mason/,george-mason,"Fairfax, Virginia",1979,2017,39,1171,630,541,.538,-1.38,-1.74,0,4,4,6,1,0
138,George Washington Colonials,/cbb/schools/george-washington/,george-washington,"Washington, D.C.",1913,2017,100,2434,1325,1109,.544,0.43,-0.16,3,7,5,11,0,0
139,Georgetown Hoyas,/cbb/schools/georgetown/,georgetown,"Washington, D.C.",1907,2017,109,2662,1638,1024,.615,6.70,3.75,20,11,7,30,5,1
140,Georgia Bulldogs,/cbb/schools/georgia/,georgia,"Athens, Georgia",1906,2017,112,2671,1394,1277,.522,3.73,4.72,5,3,3,12,1,0
141,Georgia Southern Eagles,/cbb/schools/georgia-southern/,georgia-southern,"Statesboro, Georgia",1972,2017,46,1333,672,661,.504,-7.15,-5.21,0,7,3,3,0,0
142,Georgia State Panthers,/cbb/schools/georgia-state/,georgia-state,"Atlanta, Georgia",1974,2017,44,1278,545,733,.426,-7.87,-4.03,0,6,3,3,0,0
143,Georgia Tech Yellow Jackets,/cbb/schools/georgia-tech/,georgia-tech,"Atlanta, Georgia",1920,2017,98,2531,1339,1192,.529,5.48,5.01,8,3,4,16,2,0
144,Gettysburg Bullets,/cbb/schools/gettysburg/,gettysburg,"Gettysburg, Pennsylvania",1901,1973,41,724,385,339,.532,-15.98,-9.80,0,0,0,0,0,0
145,Gonzaga Bulldogs,/cbb/schools/gonzaga/,gonzaga,"Spokane, Washington",1944,2017,66,1929,1239,690,.642,2.36,-0.47,10,22,16,20,1,0
146,Grambling Tigers,/cbb/schools/grambling/,grambling,"Grambling, Louisiana",1978,2017,40,1131,410,721,.363,-17.82,-9.34,0,2,0,0,0,0
147,Grand Canyon Antelopes,/cbb/schools/grand-canyon/,grand-canyon,"Phoenix, Arizona",2014,2017,4,127,81,46,.638,-2.93,-4.70,0,0,0,0,0,0
148,Green Bay Phoenix,/cbb/schools/green-bay/,green-bay,"Green Bay, Wisconsin",1982,2017,36,1088,605,483,.556,-0.10,-1.04,0,4,4,5,0,0
149,Grinnell Pioneers,/cbb/schools/grinnell/,grinnell,"Grinnell, Iowa",1901,1939,38,550,280,270,.509,,,0,0,0,0,0,0
150,Grove City Wolverines,/cbb/schools/grove-city/,grove-city,"Grove City, Pennsylvania",1899,1925,27,383,257,126,.671,,,0,0,0,,,
151,Hamline Pipers,/cbb/schools/hamline/,hamline,"St. Paul, Minnesota",1945,1948,4,102,82,20,.804,,,0,0,0,0,0,0
152,Hampton Pirates,/cbb/schools/hampton/,hampton,"Hampton, Virginia",1996,2017,22,673,355,318,.527,-9.03,-9.10,0,3,6,6,0,0
153,Hardin-Simmons Cowboys,/cbb/schools/hardin-simmons/,hardin-simmons,"Abilene, Texas",1923,1990,45,1149,481,668,.419,-11.08,-5.70,0,1,0,2,0,0
154,Hartford Hawks,/cbb/schools/hartford/,hartford,"West Hartford, Connecticut",1985,2017,33,972,399,573,.410,-9.32,-5.40,0,0,0,0,0,0
155,Harvard Crimson,/cbb/schools/harvard/,harvard,"Boston, Massachusetts",1901,2017,106,2420,1116,1304,.461,-8.60,-5.07,0,5,0,5,0,0
156,Haskell Indian Nations Institute Fighting Indians,/cbb/schools/haskell-indian-nations-institute/,haskell-indian-nations-institute,"Lawrence, Kansas",1903,1908,2,39,27,12,.692,,,0,0,0,,,
157,Hawaii Warriors,/cbb/schools/hawaii/,hawaii,"Honolulu, Hawaii",1971,2017,47,1378,723,655,.525,2.29,2.16,1,3,4,5,0,0
158,High Point Panthers,/cbb/schools/high-point/,high-point,"High Point, North Carolina",2000,2017,18,546,265,281,.485,-9.22,-6.37,0,4,0,0,0,0
159,Hiram Terriers,/cbb/schools/hiram/,hiram,"Hiram, Ohio",1894,1904,8,59,45,14,.763,,,0,0,0,,,
160,Hofstra Pride,/cbb/schools/hofstra/,hofstra,"Hempstead, New York",1943,2017,52,1497,755,742,.504,-6.41,-4.49,0,7,5,4,0,0
161,Holy Cross Crusaders,/cbb/schools/holy-cross/,holy-cross,"Worcester, Massachusetts",1901,2017,97,2342,1384,958,.591,-1.65,-3.83,6,6,7,13,2,1
162,Hope Flying Dutchmen,/cbb/schools/hope/,hope,"Holland, Michigan",1908,1913,5,65,44,21,.677,,,0,0,0,,,
163,Houston Baptist Huskies,/cbb/schools/houston-baptist/,houston-baptist,"Houston, Texas",1974,2017,23,659,285,374,.432,-11.18,-6.12,0,2,1,1,0,0
164,Houston Cougars,/cbb/schools/houston/,houston,"Houston, Texas",1951,2017,67,1967,1164,803,.592,5.19,2.64,7,4,6,19,5,0
165,Howard Bison,/cbb/schools/howard/,howard,"Washington, D.C.",1974,2017,44,1250,489,761,.391,-15.06,-9.89,0,4,3,2,0,0
166,Idaho State Bengals,/cbb/schools/idaho-state/,idaho-state,"Pocatello, Idaho",1959,2017,59,1627,720,907,.443,-6.30,-2.60,0,4,2,5,0,0
167,Idaho Vandals,/cbb/schools/idaho/,idaho,"Moscow, Idaho",1906,2017,112,2784,1317,1465,.473,-3.85,-0.98,1,7,4,4,0,0
168,Illinois Fighting Illini,/cbb/schools/illinois/,illinois,"Champaign, Illinois",1906,2017,112,2737,1762,975,.644,12.88,7.59,26,17,2,30,5,0
169,Illinois State Redbirds,/cbb/schools/illinois-state/,illinois-state,"Normal, Illinois",1899,2017,58,1476,894,582,.606,3.95,1.76,0,6,4,6,0,0
170,Illinois Wesleyan Titans,/cbb/schools/illinois-wesleyan/,illinois-wesleyan,"Bloomington, Illinois",1928,1928,1,14,13,1,.929,,,0,0,0,,,
171,Illinois-Chicago Flames,/cbb/schools/illinois-chicago/,illinois-chicago,"Chicago, Illinois",1982,2017,36,1087,518,569,.477,-2.79,-0.97,0,2,2,3,0,0
172,Incarnate Word Cardinals,/cbb/schools/incarnate-word/,incarnate-word,"San Antonio, Texas",2014,2017,4,114,68,46,.596,-9.00,-7.26,0,0,0,0,0,0
173,Indiana Hoosiers,/cbb/schools/indiana/,indiana,"Bloomington, Indiana",1901,2017,117,2820,1798,1022,.638,13.95,8.03,28,22,0,39,8,5
174,Indiana State Sycamores,/cbb/schools/indiana-state/,indiana-state,"Terre Haute, Indiana",1900,2017,95,2107,1088,1019,.516,-0.28,1.89,1,2,3,4,1,0
175,Iona Gaels,/cbb/schools/iona/,iona,"New Rochelle, New York",1954,2017,64,1753,986,767,.562,-4.17,-3.53,1,10,9,12,0,0
176,Iowa Hawkeyes,/cbb/schools/iowa/,iowa,"Iowa City, Iowa",1893,2017,120,2759,1616,1142,.586,11.12,7.29,18,8,2,25,3,0
177,Iowa State Cyclones,/cbb/schools/iowa-state/,iowa-state,"Ames, Iowa",1908,2017,110,2631,1338,1293,.509,6.60,6.21,9,6,5,19,1,0
178,IPFW Mastodons,/cbb/schools/ipfw/,ipfw,"Fort Wayne, Indiana",2003,2017,15,463,213,250,.460,-6.40,-2.19,0,1,0,0,0,0
179,IUPUI Jaguars,/cbb/schools/iupui/,iupui,"Indianapolis, Indiana",1999,2017,19,591,284,307,.481,-4.40,-2.41,0,1,1,1,0,0
180,Jackson State Tigers,/cbb/schools/jackson-state/,jackson-state,"Jackson, Mississippi",1978,2017,40,1200,569,631,.474,-10.89,-8.64,0,7,4,3,0,0
181,Jacksonville Dolphins,/cbb/schools/jacksonville/,jacksonville,"Jacksonville, Florida",1967,2017,51,1465,723,742,.494,-3.31,-1.88,2,2,2,5,1,0
182,Jacksonville State Gamecocks,/cbb/schools/jacksonville-state/,jacksonville-state,"Jacksonville, Alabama",1996,2017,22,643,261,382,.406,-10.32,-6.51,0,0,1,1,0,0
183,James Madison Dukes,/cbb/schools/james-madison/,james-madison,"Harrisonburg, Virginia",1977,2017,41,1222,632,590,.517,-2.08,-2.21,0,7,3,5,0,0
184,John Carroll Blue Streaks,/cbb/schools/john-carroll/,john-carroll,"University Heights, Ohio",1948,1955,8,191,80,111,.419,-9.26,-0.19,0,0,0,0,0,0
185,Kalamazoo Hornets,/cbb/schools/kalamazoo/,kalamazoo,"Kalamazoo, Michigan",1908,1923,16,193,134,59,.694,,,0,0,0,,,
186,Kansas Jayhawks,/cbb/schools/kansas/,kansas,"Lawrence, Kansas",1899,2017,119,3058,2217,841,.725,15.49,6.92,42,60,14,46,14,3
187,Kansas State Wildcats,/cbb/schools/kansas-state/,kansas-state,"Manhattan, Kansas",1906,2017,112,2740,1607,1133,.586,10.26,6.16,15,18,2,29,4,0
188,Kennesaw State Owls,/cbb/schools/kennesaw-state/,kennesaw-state,"Kennesaw, Georgia",2010,2017,8,251,68,183,.271,-13.13,-3.62,0,0,0,0,0,0
189,Kent State Golden Flashes,/cbb/schools/kent-state/,kent-state,"Kent, Ohio",1914,2017,98,2336,1145,1191,.490,-2.17,-0.32,0,9,6,6,0,0
190,Kentucky Wesleyan Panthers,/cbb/schools/kentucky-wesleyan/,kentucky-wesleyan,"Owensboro, Kentucky",1957,1958,2,52,30,22,.577,-4.61,-2.27,0,0,0,0,0,0
191,Kentucky Wildcats,/cbb/schools/kentucky/,kentucky,"Lexington, Kentucky",1903,2017,114,2929,2239,689,.765,17.64,6.59,50,55,32,57,17,8
192,La Salle Explorers,/cbb/schools/la-salle/,la-salle,"Philadelphia, Pennsylvania",1932,2017,86,2302,1350,952,.586,2.90,0.58,6,9,8,12,2,1
193,Lafayette Leopards,/cbb/schools/lafayette/,lafayette,"Easton, Pennsylvania",1901,2017,107,2542,1313,1229,.517,-8.09,-6.96,0,17,3,4,0,0
194,Lake Forest Foresters,/cbb/schools/lake-forest/,lake-forest,"Lake Forest, Illinois",1905,1916,12,144,89,55,.618,,,0,0,0,,,
195,Lamar Cardinals,/cbb/schools/lamar/,lamar,"Beaumont, Texas",1970,2017,48,1388,706,682,.509,-4.68,-3.82,0,9,4,6,0,0
196,Latter Day Saints University ,/cbb/schools/latter-day-saints-university/,latter-day-saints-university,"Salt Lake City, Utah",1903,1903,1,16,15,1,.938,,,0,0,0,,,
197,Lawrence Vikings,/cbb/schools/lawrence/,lawrence,"Appleton, Wisconsin",1948,1948,1,28,22,6,.786,,,0,0,0,0,0,0
198,Lehigh Mountain Hawks,/cbb/schools/lehigh/,lehigh,"Bethlehem, Pennsylvania",1902,2017,116,2460,1071,1389,.435,-13.28,-7.62,0,4,5,5,0,0
199,Lewis University Flyers,/cbb/schools/lewis-university/,lewis-university,"Romeoville, Illinois",1905,1905,1,25,20,5,.800,,,0,0,0,,,
200,Liberty Flames,/cbb/schools/liberty/,liberty,"Lynchburg, Virginia",1989,2017,29,882,402,480,.456,-11.01,-7.07,0,2,3,3,0,0
201,Lipscomb Bisons,/cbb/schools/lipscomb/,lipscomb,"Nashville, Tennessee",2004,2017,14,429,214,215,.499,-6.51,-4.69,0,2,0,0,0,0
202,Long Beach State 49ers,/cbb/schools/long-beach-state/,long-beach-state,"Long Beach, California",1970,2017,48,1428,785,643,.550,1.43,1.27,5,14,5,9,0,0
203,Long Island University Blackbirds,/cbb/schools/long-island-university/,long-island-university,"Brooklyn, New York",1929,2017,72,1920,1078,840,.562,-9.32,-6.34,1,9,5,6,0,0
204,Longwood Lancers,/cbb/schools/longwood/,longwood,"Farmville, Virginia",2008,2017,10,317,103,214,.325,-16.76,-5.22,0,0,0,0,0,0
205,Louisiana State Fighting Tigers,/cbb/schools/louisiana-state/,louisiana-state,"Baton Rouge, Louisiana",1909,2017,109,2680,1516,1164,.566,5.25,4.27,12,11,1,21,4,0
206,Louisiana Tech Bulldogs,/cbb/schools/louisiana-tech/,louisiana-tech,"Ruston, Louisiana",1974,2017,44,1314,758,556,.577,-0.34,-1.63,1,10,6,5,0,0
207,Louisiana-Lafayette Ragin' Cajuns,/cbb/schools/louisiana-lafayette/,louisiana-lafayette,"Lafayette, Louisiana",1972,2017,46,1325,765,560,.577,0.67,-1.08,2,9,7,10,0,0
208,Louisiana-Monroe Warhawks,/cbb/schools/louisiana-monroe/,louisiana-monroe,"Monroe, Louisiana",1974,2017,44,1290,678,612,.526,-4.69,-4.46,0,10,8,7,0,0
209,Louisville Cardinals,/cbb/schools/louisville/,louisville,"Louisville, Kentucky",1912,2017,103,2704,1803,901,.667,13.39,6.37,34,23,17,42,10,3
210,Loyola (IL) Ramblers,/cbb/schools/loyola-il/,loyola-il,"Chicago, Illinois",1921,2017,96,2414,1271,1143,.527,-0.39,1.53,5,4,1,5,1,1
211,Loyola (LA) Wolfpack,/cbb/schools/loyola-la/,loyola-la,"New Orleans, Louisiana",1952,1972,20,499,237,262,.475,-6.45,0.25,0,0,0,2,0,0
212,Loyola (MD) Greyhounds,/cbb/schools/loyola-md/,loyola-md,"Baltimore, Maryland",1908,2017,73,1674,773,901,.462,-8.94,-4.68,0,0,2,2,0,0
213,Loyola Marymount Lions,/cbb/schools/loyola-marymount/,loyola-marymount,"Los Angeles, California",1943,2017,70,1923,834,1089,.434,-4.33,0.30,2,3,2,5,0,0
214,Macalester Scots,/cbb/schools/macalester/,macalester,"St. Paul, Minnesota",1896,1899,4,21,8,13,.381,,,0,0,0,,,
215,Maine Black Bears,/cbb/schools/maine/,maine,"Orono, Maine",1904,2017,73,1736,788,948,.454,-12.11,-7.49,0,0,0,0,0,0
216,Manchester Spartans,/cbb/schools/manchester/,manchester,"North Manchester, Indiana",1926,1926,1,16,15,1,.938,,,0,0,0,,,
217,Manhattan Jaspers,/cbb/schools/manhattan/,manhattan,"Riverdale, New York",1905,2017,111,2551,1340,1211,.525,-3.18,-2.28,0,13,5,8,0,0
218,Marietta Pioneers,/cbb/schools/marietta/,marietta,"Marietta, Ohio",1908,1920,13,175,109,66,.623,,,0,0,0,,,
219,Marist Red Foxes,/cbb/schools/marist/,marist,"Poughkeepsie, New York",1982,2017,36,1063,477,586,.449,-7.13,-5.54,0,5,2,2,0,0
220,Marquette Golden Eagles,/cbb/schools/marquette/,marquette,"Milwaukee, Wisconsin",1917,2017,100,2571,1588,983,.618,8.78,4.53,22,3,1,32,3,1
221,Marshall Thundering Herd,/cbb/schools/marshall/,marshall,"Huntington, West Virginia",1919,2017,93,2388,1359,1027,.570,-1.14,-1.30,1,6,3,5,0,0
222,Maryland Terrapins,/cbb/schools/maryland/,maryland,"College Park, Maryland",1924,2017,94,2532,1521,1011,.601,9.80,5.11,23,6,4,27,2,1
223,Maryland-Baltimore County Retrievers,/cbb/schools/maryland-baltimore-county/,maryland-baltimore-county,"Baltimore, Maryland",1987,2017,31,905,342,563,.378,-11.90,-6.76,0,2,1,1,0,0
224,Maryland-Eastern Shore Hawks,/cbb/schools/maryland-eastern-shore/,maryland-eastern-shore,"Princess Anne, Maryland",1974,2017,38,1091,320,771,.293,-19.73,-9.67,0,1,1,0,0,0
225,Massachusetts Institute of Technology Engineers,/cbb/schools/massachusetts-institute-of-technology/,massachusetts-institute-of-technology,"Cambridge, Massachusetts",1909,1909,1,16,10,6,.625,,,0,0,0,,,
226,Massachusetts Minutemen,/cbb/schools/massachusetts/,massachusetts,"Amherst, Massachusetts",1926,2017,58,1667,921,746,.552,0.79,-0.34,5,15,5,9,1,0
227,Massachusetts-Lowell River Hawks,/cbb/schools/massachusetts-lowell/,massachusetts-lowell,"Lowell, Massachusetts",1906,2017,5,134,60,74,.448,-12.16,-5.35,0,0,0,0,0,0
228,McNeese State Cowboys,/cbb/schools/mcneese-state/,mcneese-state,"Lake Charles, Louisiana",1974,2017,44,1266,611,655,.483,-6.90,-4.65,0,6,2,2,0,0
229,Memphis Tigers,/cbb/schools/memphis/,memphis,"Memphis, Tennessee",1956,2017,62,1875,1255,620,.669,8.68,3.61,16,18,11,25,3,0
230,Mercer Bears,/cbb/schools/mercer/,mercer,"Macon, Georgia",1974,2017,44,1289,616,673,.478,-8.23,-5.57,0,3,3,3,0,0
231,Merchant Marine Academy Mariners,/cbb/schools/merchant-marine-academy/,merchant-marine-academy,"King's Point, New York",1946,1947,2,39,13,26,.333,,,0,0,0,0,0,0
232,Miami (FL) Hurricanes,/cbb/schools/miami-fl/,miami-fl,"Coral Gables, Florida",1949,2017,54,1548,888,660,.574,2.83,3.13,6,2,1,9,0,0
233,Miami (OH) RedHawks,/cbb/schools/miami-oh/,miami-oh,"Oxford, Ohio",1906,2017,112,2517,1357,1161,.539,2.34,0.97,1,18,4,17,0,0
234,Michigan State Spartans,/cbb/schools/michigan-state/,michigan-state,"East Lansing, Michigan",1899,2017,118,2735,1655,1080,.605,11.21,7.59,22,13,5,31,9,2
235,Michigan Wolverines,/cbb/schools/michigan/,michigan,"Ann Arbor, Michigan",1918,2017,100,2577,1553,1024,.603,10.42,7.62,20,14,2,27,7,1
236,Middle Tennessee Blue Raiders,/cbb/schools/middle-tennessee/,middle-tennessee,"Murfreesboro, Tennessee",1959,2017,59,1673,932,741,.557,-4.08,-3.06,0,10,7,9,0,0
237,Millikin Big Blue,/cbb/schools/millikin/,millikin,"Decatur, Illinois",1910,1921,12,210,150,60,.714,,,0,0,0,,,
238,Millsaps Majors,/cbb/schools/millsaps/,millsaps,"Jackson, Mississippi",1911,1921,11,116,59,57,.509,,,0,0,0,,,
239,Milwaukee Panthers,/cbb/schools/milwaukee/,milwaukee,"Milwaukee, Wisconsin",1974,2017,34,1000,497,503,.497,-3.62,-1.22,0,4,4,4,0,0
240,Minnesota A&M Aggies,/cbb/schools/minnesota-am/,minnesota-am,"St. Paul, Minnesota",1896,1903,4,30,27,3,.900,,,0,0,0,,,
241,Minnesota Golden Gophers,/cbb/schools/minnesota/,minnesota,"Minneapolis, Minnesota",1896,2017,122,2799,1611,1186,.576,9.67,7.50,10,9,0,13,1,0
242,Mississippi Rebels,/cbb/schools/mississippi/,mississippi,"University, Mississippi",1909,2017,107,2565,1281,1282,.500,2.23,4.20,2,3,2,8,0,0
243,Mississippi State Bulldogs,/cbb/schools/mississippi-state/,mississippi-state,"Mississippi State, Mississippi",1909,2017,105,2552,1377,1175,.540,3.78,4.19,11,12,5,10,1,0
244,Mississippi Valley State Delta Devils,/cbb/schools/mississippi-valley-state/,mississippi-valley-state,"Itta Bena, Mississippi",1980,2017,38,1115,465,650,.417,-13.45,-9.08,0,7,5,5,0,0
245,Missouri State Bears,/cbb/schools/missouri-state/,missouri-state,"Springfield, Missouri",1983,2017,35,1099,654,445,.595,4.46,1.33,0,5,3,6,0,0
246,Missouri Tigers,/cbb/schools/missouri/,missouri,"Columbia, Missouri",1907,2017,111,2741,1605,1136,.586,8.68,5.97,14,15,8,26,0,0
247,Missouri-Kansas City Kangaroos,/cbb/schools/missouri-kansas-city/,missouri-kansas-city,"Kansas City, Missouri",1990,2017,28,827,354,473,.428,-6.83,-3.37,0,0,0,0,0,0
248,Monmouth Hawks,/cbb/schools/monmouth/,monmouth,"West Long Branch, New Jersey",1984,2017,34,1013,487,526,.481,-8.00,-6.37,0,4,4,4,0,0
249,Montana Grizzlies,/cbb/schools/montana/,montana,"Missoula, Montana",1912,2017,102,2567,1385,1182,.540,-2.63,-2.62,0,11,9,10,0,0
250,Montana State Bobcats,/cbb/schools/montana-state/,montana-state,"Bozeman, Montana",1902,2017,106,2554,1399,1155,.548,-5.16,-2.62,0,10,2,2,0,0
251,Morehead State Eagles,/cbb/schools/morehead-state/,morehead-state,"Morehead, Kentucky",1956,2017,62,1710,862,848,.504,-5.68,-3.53,0,9,4,7,0,0
252,Morgan State Bears,/cbb/schools/morgan-state/,morgan-state,"Baltimore, Maryland",1985,2017,33,973,355,618,.365,-15.63,-8.90,0,3,2,2,0,0
253,Morris Brown Wolverines,/cbb/schools/morris-brown/,morris-brown,"Atlanta, Georgia",2002,2003,2,57,13,44,.228,-25.82,-6.03,0,0,0,0,0,0
254,Mount St. Mary's Mountaineers,/cbb/schools/mount-st-marys/,mount-st-marys,"Emmitsburg, Maryland",1989,2017,29,861,376,485,.437,-9.09,-6.37,0,2,5,5,0,0
255,Mount Union Purple Raiders,/cbb/schools/mount-union/,mount-union,"Alliance, Ohio",1896,1932,37,493,314,179,.637,,,0,0,0,,,
256,Muhlenburg Mules,/cbb/schools/muhlenburg/,muhlenburg,"Allentown, Pennsylvania",1901,1963,56,1064,579,484,.545,-10.33,-4.35,0,3,0,0,0,0
257,Murray State Racers,/cbb/schools/murray-state/,murray-state,"Murray, Kentucky",1954,2017,64,1822,1143,679,.627,-0.85,-3.16,2,25,14,15,0,0
258,Muskingum Fighting Muskies,/cbb/schools/muskingum/,muskingum,"New Concord, Ohio",1905,1927,3,48,44,4,.917,,,0,0,0,,,
259,Navy Midshipmen,/cbb/schools/navy/,navy,"Annapolis, Maryland",1908,2017,110,2397,1363,1034,.569,-4.82,-3.96,1,8,6,11,0,0
260,Nebraska Cornhuskers,/cbb/schools/nebraska/,nebraska,"Lincoln, Nebraska",1897,2017,121,2811,1474,1337,.524,5.52,5.99,2,7,1,7,0,0
261,Nebraska Wesleyan Prairie Wolves,/cbb/schools/nebraska-wesleyan/,nebraska-wesleyan,"Lincoln, Nebraska",1906,1917,12,188,134,54,.713,,,0,0,0,,,
262,Nebraska-Omaha Mavericks,/cbb/schools/nebraska-omaha/,nebraska-omaha,"Omaha, Nebraska",2013,2017,5,156,76,80,.487,-5.20,-2.99,0,0,0,0,0,0
263,Nevada Wolf Pack,/cbb/schools/nevada/,nevada,"Reno, Nevada",1913,2017,62,1625,896,729,.551,-0.39,1.03,2,9,5,7,0,0
264,Nevada-Las Vegas Rebels,/cbb/schools/nevada-las-vegas/,nevada-las-vegas,"Las Vegas, Nevada",1970,2017,48,1513,1063,450,.703,9.67,3.29,16,13,11,20,4,1
265,New Hampshire Wildcats,/cbb/schools/new-hampshire/,new-hampshire,"Durham, New Hampshire",1927,2017,65,1660,574,1086,.346,-14.86,-7.13,0,1,0,0,0,0
266,New Mexico Lobos,/cbb/schools/new-mexico/,new-mexico,"Albuquerque, New Mexico",1900,2017,111,2518,1464,1054,.581,4.04,2.20,11,12,6,15,0,0
267,New Mexico State Aggies,/cbb/schools/new-mexico-state/,new-mexico-state,"Las Cruces, New Mexico",1905,2017,107,2545,1481,1062,.582,1.00,-0.21,5,17,10,23,1,0
268,New Orleans Privateers,/cbb/schools/new-orleans/,new-orleans,"New Orleans, Louisiana",1976,2017,40,1169,643,526,.550,-1.61,-1.97,2,8,4,5,0,0
269,New York University Violets,/cbb/schools/new-york-university/,new-york-university,"New York, New York",1907,1971,65,1184,725,459,.612,-0.44,-0.12,2,6,0,6,2,0
270,Newberry Wolves,/cbb/schools/newberry/,newberry,"Newberry, South Carolina",1921,1921,1,4,2,2,.500,,,0,0,0,,,
271,Niagara Purple Eagles,/cbb/schools/niagara/,niagara,"Niagara University, New York",1906,2017,111,2651,1439,1211,.543,-2.73,-1.66,2,10,2,3,0,0
272,Nicholls State Colonels,/cbb/schools/nicholls-state/,nicholls-state,"Thibodaux, Louisiana",1981,2017,37,1044,412,632,.395,-12.47,-5.92,0,2,2,2,0,0
273,NJIT Highlanders,/cbb/schools/njit/,njit,"Newark, New Jersey",2010,2017,8,250,121,129,.484,-10.40,-6.93,0,1,0,0,0,0
274,Norfolk State Spartans,/cbb/schools/norfolk-state/,norfolk-state,"Norfolk, Virginia",1998,2017,20,615,290,325,.472,-11.57,-8.60,0,1,1,1,0,0
275,North Carolina A&T Aggies,/cbb/schools/north-carolina-at/,north-carolina-at,"Greensboro, North Carolina",1974,2017,44,1286,617,669,.480,-12.78,-9.80,0,11,14,10,0,0
276,North Carolina Central Eagles,/cbb/schools/north-carolina-central/,north-carolina-central,"Durham, North Carolina",2011,2017,7,226,145,81,.642,-4.70,-8.70,0,3,2,2,0,0
277,North Carolina State Wolfpack,/cbb/schools/north-carolina-state/,north-carolina-state,"Raleigh, North Carolina",1913,2017,105,2736,1692,1044,.618,10.88,5.86,17,13,17,26,3,2
278,North Carolina Tar Heels,/cbb/schools/north-carolina/,north-carolina,"Chapel Hill, North Carolina",1911,2017,107,2985,2204,781,.738,15.66,6.72,49,38,26,48,20,5
279,North Carolina-Asheville Bulldogs,/cbb/schools/north-carolina-asheville/,north-carolina-asheville,"Asheville, North Carolina",1987,2017,31,923,448,475,.485,-9.66,-5.67,0,6,5,4,0,0
280,North Carolina-Greensboro Spartans,/cbb/schools/north-carolina-greensboro/,north-carolina-greensboro,"Greensboro, North Carolina",1992,2017,26,784,345,439,.440,-7.65,-4.51,0,5,2,2,0,0
281,North Carolina-Wilmington Seahawks,/cbb/schools/north-carolina-wilmington/,north-carolina-wilmington,"Wilmington, North Carolina",1977,2017,41,1213,641,572,.528,-2.51,-2.58,0,8,6,6,0,0
282,North Central Cardinals,/cbb/schools/north-central/,north-central,"Naperville, Illinois",1911,1922,8,115,78,37,.678,,,0,0,0,,,
283,North Dakota State Bison,/cbb/schools/north-dakota-state/,north-dakota-state,"Fargo, North Dakota",1898,2017,38,670,475,195,.709,0.41,-3.08,0,3,3,3,0,0
284,North Dakota UND,/cbb/schools/north-dakota/,north-dakota,"Grand Forks, North Dakota",1905,2017,24,422,266,156,.630,-7.66,-5.46,0,1,3,1,0,0
285,North Florida Ospreys,/cbb/schools/north-florida/,north-florida,"Jacksonville, Florida",2010,2017,8,264,133,131,.504,-5.51,-2.48,0,2,1,1,0,0
286,North Texas Mean Green,/cbb/schools/north-texas/,north-texas,"Denton, Texas",1922,2017,62,1691,740,951,.438,-5.28,-0.37,0,3,3,3,0,0
287,Northeastern Huskies,/cbb/schools/northeastern/,northeastern,"Boston, Massachusetts",1938,2017,54,1471,761,710,.517,-5.00,-4.42,0,12,8,8,0,0
288,Northeastern Illinois Golden Eagles,/cbb/schools/northeastern-illinois/,northeastern-illinois,"Chicago, Illinois",1991,1998,8,216,78,138,.361,-14.90,-6.67,0,0,0,0,0,0
289,Northern Arizona Lumberjacks,/cbb/schools/northern-arizona/,northern-arizona,"Flagstaff, Arizona",1919,2017,78,1843,848,995,.460,-7.84,-3.01,0,6,2,2,0,0
290,Northern Colorado Bears,/cbb/schools/northern-colorado/,northern-colorado,"Greeley, Colorado",1911,2017,38,664,344,320,.518,-5.47,-4.27,0,3,1,1,0,0
291,Northern Illinois Huskies,/cbb/schools/northern-illinois/,northern-illinois,"De Kalb, Illinois",1927,2017,51,1420,639,781,.450,-3.91,-1.13,0,3,2,3,0,0
292,Northern Iowa Panthers,/cbb/schools/northern-iowa/,northern-iowa,"Cedar Falls, Iowa",1981,2017,37,1118,589,529,.527,0.95,1.53,1,2,6,8,0,0
293,Northern Kentucky Norse,/cbb/schools/northern-kentucky/,northern-kentucky,"Highland Heights, Kentucky",2013,2017,5,152,66,86,.434,-6.45,-3.68,0,0,1,1,0,0
294,Northwest Missouri State Bearcats,/cbb/schools/northwest-missouri-state/,northwest-missouri-state,"Maryville, Missouri",1930,1932,3,97,89,8,.918,,,0,0,0,,,
295,Northwestern State Demons,/cbb/schools/northwestern-state/,northwestern-state,"Natchitoches, Louisiana",1977,2017,41,1183,534,649,.451,-9.43,-5.64,0,3,3,3,0,0
296,Northwestern Wildcats,/cbb/schools/northwestern/,northwestern,"Evanston, Illinois",1905,2017,112,2544,1060,1483,.417,3.15,7.31,0,2,0,1,0,0
297,Notre Dame Fighting Irish,/cbb/schools/notre-dame/,notre-dame,"Notre Dame, Indiana",1897,2017,113,2843,1847,995,.650,10.03,5.66,25,1,1,36,1,0
298,Oakland Golden Grizzlies,/cbb/schools/oakland/,oakland,"Rochester, Michigan",2000,2017,18,581,319,262,.549,-0.73,-1.08,0,4,3,3,0,0
299,Oberlin Yeomen,/cbb/schools/oberlin/,oberlin,"Oberlin, Ohio",1905,1921,7,82,61,21,.744,,,0,0,0,,,
300,Ohio Bobcats,/cbb/schools/ohio/,ohio,"Athens, Ohio",1908,2017,110,2623,1502,1121,.573,0.54,-0.20,0,10,6,13,0,0
301,Ohio State Buckeyes,/cbb/schools/ohio-state/,ohio-state,"Columbus, Ohio",1899,2017,118,2817,1723,1094,.612,11.54,7.28,21,22,5,31,11,1
302,Ohio Wesleyan Battling Bishops,/cbb/schools/ohio-wesleyan/,ohio-wesleyan,"Delaware, Ohio",1929,1935,2,40,35,5,.875,,,0,0,0,,,
303,Oklahoma City Chiefs,/cbb/schools/oklahoma-city/,oklahoma-city,"Oklahoma City, Oklahoma",1951,1985,35,948,530,418,.559,0.45,-0.93,3,0,1,11,0,0
304,Oklahoma Sooners,/cbb/schools/oklahoma/,oklahoma,"Norman, Oklahoma",1908,2017,110,2702,1647,1055,.610,9.39,6.26,19,14,7,30,5,0
305,Oklahoma State Cowboys,/cbb/schools/oklahoma-state/,oklahoma-state,"Stillwater, Oklahoma",1908,2017,108,2769,1627,1142,.588,8.61,5.57,18,19,4,28,6,2
306,Old Dominion Monarchs,/cbb/schools/old-dominion/,old-dominion,"Norfolk, Virginia",1977,2017,41,1282,777,505,.606,3.19,-0.03,0,8,6,11,0,0
307,Oral Roberts Golden Eagles,/cbb/schools/oral-roberts/,oral-roberts,"Tulsa, Oklahoma",1972,2017,42,1250,714,536,.571,0.81,-1.06,2,7,5,5,0,0
308,Oregon Ducks,/cbb/schools/oregon/,oregon,"Eugene, Oregon",1903,2017,112,2956,1619,1337,.548,5.70,5.75,5,6,4,15,2,1
309,Oregon State Beavers,/cbb/schools/oregon-state/,oregon-state,"Corvallis, Oregon",1902,2017,116,3037,1726,1311,.568,6.04,5.55,8,12,0,17,2,0
310,Pacific Tigers,/cbb/schools/pacific/,pacific,"Stockton, California",1938,2017,67,1885,956,929,.507,-1.23,-0.21,1,10,5,9,0,0
311,Penn State Nittany Lions,/cbb/schools/penn-state/,penn-state,"University Park, Pennsylvania",1897,2017,121,2593,1436,1156,.554,1.89,1.75,2,1,1,9,1,0
312,Pennsylvania Quakers,/cbb/schools/pennsylvania/,pennsylvania,"Philadelphia, Pennsylvania",1897,2017,116,2831,1742,1088,.616,0.09,-3.07,6,37,0,23,1,0
313,Pepperdine Waves,/cbb/schools/pepperdine/,pepperdine,"Malibu, California",1944,2017,63,1800,906,894,.503,-2.37,0.01,1,12,3,13,0,0
314,Phillips Haymakers,/cbb/schools/phillips/,phillips,"Enid, Oklahoma",1920,1920,1,3,2,1,.667,,,0,0,0,,,
315,Pittsburg State Gorillas,/cbb/schools/pittsburg-state/,pittsburg-state,"Pittsburg, Kansas",1927,1931,5,103,86,17,.835,,,0,0,0,,,
316,Pittsburgh Panthers,/cbb/schools/pittsburgh/,pittsburgh,"Pittsburgh, Pennsylvania",1906,2017,110,2721,1593,1128,.585,5.24,4.00,13,11,4,26,1,0
317,Portland Pilots,/cbb/schools/portland/,portland,"Portland, Oregon",1954,2017,64,1801,769,1032,.427,-5.16,0.62,0,0,1,2,0,0
318,Portland State Vikings,/cbb/schools/portland-state/,portland-state,"Portland, Oregon",1973,2017,28,802,388,414,.484,-6.12,-2.90,0,2,2,2,0,0
319,Prairie View Panthers,/cbb/schools/prairie-view/,prairie-view,"Prairie View, Texas",1981,2017,37,1065,291,774,.273,-21.76,-8.17,0,1,1,1,0,0
320,Pratt Institute Cannoneers,/cbb/schools/pratt-institute/,pratt-institute,"Brooklyn, New York",1934,1934,1,14,8,6,.571,,,0,0,0,,,
321,Presbyterian Blue Hose,/cbb/schools/presbyterian/,presbyterian,"Clinton, South Carolina",2011,2017,7,217,67,150,.309,-15.13,-5.02,0,0,0,0,0,0
322,Princeton Tigers,/cbb/schools/princeton/,princeton,"Princeton, New Jersey",1901,2017,117,2781,1718,1062,.618,1.54,-3.66,4,30,1,25,1,0
323,Providence Friars,/cbb/schools/providence/,providence,"Providence, Rhode Island",1929,2017,68,1952,1196,756,.613,7.35,4.14,6,0,2,19,2,0
324,Purdue Boilermakers,/cbb/schools/purdue/,purdue,"West Lafayette, Indiana",1897,2017,119,2768,1765,1003,.638,11.45,7.52,20,23,1,29,2,0
325,Quinnipiac Bobcats,/cbb/schools/quinnipiac/,quinnipiac,"Hamden, Connecticut",1999,2017,19,566,271,295,.479,-8.30,-6.79,0,1,0,0,0,0
326,Radford Highlanders,/cbb/schools/radford/,radford,"Radford, Virginia",1985,2017,33,982,500,482,.509,-9.64,-7.32,0,4,2,2,0,0
327,Regis (CO) Rangers,/cbb/schools/regis-co/,regis-co,"Denver, Colorado",1962,1964,3,66,37,29,.561,-4.77,0.04,0,0,0,0,0,0
328,Rensselaer Engineers,/cbb/schools/rensselaer/,rensselaer,"Troy, New York",1901,1924,4,39,28,11,.718,,,0,0,0,,,
329,Rhode Island Rams,/cbb/schools/rhode-island/,rhode-island,"Kingston, Rhode Island",1904,2017,111,2583,1470,1113,.569,-1.50,-0.83,0,14,2,9,0,0
330,Rice Owls,/cbb/schools/rice/,rice,"Houston, Texas",1915,2017,103,2491,1093,1398,.439,-3.15,0.84,0,10,0,4,0,0
331,Richmond Spiders,/cbb/schools/richmond/,richmond,"Richmond, Virginia",1913,2017,105,2519,1348,1171,.535,-2.41,-1.64,1,6,6,9,0,0
332,Rider Broncs,/cbb/schools/rider/,rider,"Lawrenceville, New Jersey",1929,2017,54,1526,799,727,.524,-7.67,-6.13,0,11,3,3,0,0
333,Ripon Red Hawks,/cbb/schools/ripon/,ripon,"Ripon, Wisconsin",1902,1922,5,59,46,13,.780,,,0,0,0,,,
334,Roanoke Maroons,/cbb/schools/roanoke/,roanoke,"Salem, Virginia",1912,1919,8,92,67,25,.728,,,0,0,0,,,
335,Robert Morris Colonials,/cbb/schools/robert-morris/,robert-morris,"Moon Township, Pennsylvania",1977,2017,41,1216,595,621,.489,-8.83,-6.79,0,11,8,8,0,0
336,Rochester (NY) Yellowjackets,/cbb/schools/rochester-ny/,rochester-ny,"Rochester, New York",1910,1944,7,111,74,37,.667,,,0,0,0,0,0,0
337,Rose-Hulman Fightin' Engineers,/cbb/schools/rose-hulman/,rose-hulman,"Terre Haute, Indiana",1898,1898,1,4,2,2,.500,,,0,0,0,,,
338,Rutgers Scarlet Knights,/cbb/schools/rutgers/,rutgers,"New Brunswick, New Jersey",1914,2017,103,2387,1211,1176,.507,-1.40,0.27,2,9,2,6,1,0
339,Sacramento State Hornets,/cbb/schools/sacramento-state/,sacramento-state,"Sacramento, California",1992,2017,26,737,221,516,.300,-12.98,-3.03,0,0,0,0,0,0
340,Sacred Heart Pioneers,/cbb/schools/sacred-heart/,sacred-heart,"Fairfield, Connecticut",2000,2017,18,534,199,335,.373,-11.43,-6.92,0,0,0,0,0,0
341,Saint Francis (PA) Red Flash,/cbb/schools/saint-francis-pa/,saint-francis-pa,"Loretto, Pennsylvania",1956,2017,62,1679,742,937,.442,-9.30,-4.38,0,1,1,1,0,0
342,Saint Joseph's Hawks,/cbb/schools/saint-josephs/,saint-josephs,"Philadelphia, Pennsylvania",1910,2017,108,2709,1616,1093,.597,4.06,1.79,6,20,6,21,1,0
343,Saint Louis Billikens,/cbb/schools/saint-louis/,saint-louis,"St. Louis, Missouri",1916,2017,101,2585,1391,1194,.538,4.98,4.02,10,7,2,9,0,0
344,Saint Mary's (CA) Gaels,/cbb/schools/saint-marys-ca/,saint-marys-ca,"Moraga, California",1910,2017,108,2510,1289,1221,.514,-1.61,0.17,3,7,3,9,0,0
345,Saint Peter's Peacocks,/cbb/schools/saint-peters/,saint-peters,"Jersey City, New Jersey",1966,2017,52,1480,737,743,.498,-4.96,-3.93,0,6,3,3,0,0
346,Sam Houston State Bearkats,/cbb/schools/sam-houston-state/,sam-houston-state,"Huntsville, Texas",1987,2017,31,914,471,443,.515,-7.26,-5.35,0,5,2,2,0,0
347,Samford Bulldogs,/cbb/schools/samford/,samford,"Birmingham, Alabama",1973,2017,45,1294,566,728,.437,-9.17,-5.51,0,3,2,2,0,0
348,San Diego State Aztecs,/cbb/schools/san-diego-state/,san-diego-state,"San Diego, California",1971,2017,47,1410,754,656,.535,3.07,3.32,3,8,6,11,0,0
349,San Diego Toreros,/cbb/schools/san-diego/,san-diego,"San Diego, California",1980,2017,38,1111,550,561,.495,-0.46,0.40,0,2,2,4,0,0
350,San Francisco Dons,/cbb/schools/san-francisco/,san-francisco,"San Francisco, California",1924,2017,90,2327,1343,984,.577,2.20,0.56,9,15,1,16,3,2
351,San Jose State Spartans,/cbb/schools/san-jose-state/,san-jose-state,"San Jose, California",1938,2017,67,1828,746,1082,.408,-3.88,0.72,0,1,2,2,0,0
352,Santa Clara Broncos,/cbb/schools/santa-clara/,santa-clara,"Santa Clara, California",1909,2017,108,2539,1462,1077,.576,1.51,0.55,2,11,2,11,1,0
353,Savage School of Physical Education ,/cbb/schools/savage-school-of-physical-education/,savage-school-of-physical-education,"New York, New York",1896,1898,2,8,6,2,.750,,,0,0,0,,,
354,Savannah State Tigers,/cbb/schools/savannah-state/,savannah-state,"Savannah, Georgia",2003,2017,15,450,163,287,.362,-16.57,-5.14,0,1,0,0,0,0
355,Scranton Royals,/cbb/schools/scranton/,scranton,"Scranton, Pennsylvania",1948,1948,1,27,7,20,.259,,,0,0,0,0,0,0
356,Seattle Redhawks,/cbb/schools/seattle/,seattle,"Seattle, Washington",1953,2017,35,969,574,395,.592,1.36,-1.04,5,0,0,11,1,0
357,Seton Hall Pirates,/cbb/schools/seton-hall/,seton-hall,"South Orange, New Jersey",1909,2017,104,2531,1472,1058,.582,3.18,3.33,7,3,3,11,1,0
358,Sewanee Tigers,/cbb/schools/sewanee/,sewanee,"Sewanee, Tennessee",1923,1941,19,248,48,200,.194,,,0,0,0,0,0,0
359,Siena Saints,/cbb/schools/siena/,siena,"Loudonville, New York",1939,2017,59,1617,893,724,.552,-3.96,-3.37,1,9,6,6,0,0
360,South Alabama Jaguars,/cbb/schools/south-alabama/,south-alabama,"Mobile, Alabama",1972,2017,46,1340,756,584,.564,-0.70,-1.58,0,12,5,8,0,0
361,South Carolina Gamecocks,/cbb/schools/south-carolina/,south-carolina,"Columbia, South Carolina",1909,2017,109,2616,1393,1222,.533,3.97,3.21,8,7,2,9,1,0
362,South Carolina State Bulldogs,/cbb/schools/south-carolina-state/,south-carolina-state,"Orangeburg, South Carolina",1972,2017,46,1353,669,684,.494,-12.94,-10.64,0,8,5,5,0,0
363,South Carolina Upstate Spartans,/cbb/schools/south-carolina-upstate/,south-carolina-upstate,"Spartanburg, South Carolina",2011,2017,7,232,112,120,.483,-5.98,-4.15,0,0,0,0,0,0
364,South Dakota Coyotes,/cbb/schools/south-dakota/,south-dakota,"Vermillion, South Dakota",2011,2017,7,220,103,117,.468,-6.39,-3.36,0,1,0,0,0,0
365,South Dakota State Jackrabbits,/cbb/schools/south-dakota-state/,south-dakota-state,"Brookings, South Dakota",2009,2017,9,300,185,115,.617,0.80,-2.52,0,3,4,4,0,0
366,South Florida Bulls,/cbb/schools/south-florida/,south-florida,"Tampa, Florida",1974,2017,44,1293,589,704,.456,1.26,3.10,0,1,1,3,0,0
367,Southeast Missouri State Redhawks,/cbb/schools/southeast-missouri-state/,southeast-missouri-state,"Cape Girardeau, Missouri",1992,2017,26,766,323,443,.422,-8.53,-4.74,0,1,1,1,0,0
368,Southeastern Louisiana Lions,/cbb/schools/southeastern-louisiana/,southeastern-louisiana,"Hammond, Louisiana",1981,2017,36,1032,443,589,.429,-11.01,-6.36,0,4,1,1,0,0
369,Southern California Trojans,/cbb/schools/southern-california/,southern-california,"Los Angeles, California",1907,2017,111,2763,1579,1184,.571,7.75,6.20,9,7,1,18,2,0
370,Southern Illinois Salukis,/cbb/schools/southern-illinois/,southern-illinois,"Carbondale, Illinois",1968,2017,50,1484,825,659,.556,2.84,2.22,1,9,5,10,0,0
371,Southern Illinois-Edwardsville Cougars,/cbb/schools/southern-illinois-edwardsville/,southern-illinois-edwardsville,"Edwardsville, Illinois",2011,2017,7,200,62,138,.310,-12.54,-4.23,0,0,0,0,0,0
372,Southern Jaguars,/cbb/schools/southern/,southern,"Baton Rouge, Louisiana",1978,2017,40,1181,627,555,.530,-9.95,-10.09,0,8,9,9,0,0
373,Southern Methodist Mustangs,/cbb/schools/southern-methodist/,southern-methodist,"Dallas, Texas",1917,2017,101,2506,1314,1192,.524,2.29,1.73,5,15,3,12,1,0
374,Southern Mississippi Golden Eagles,/cbb/schools/southern-mississippi/,southern-mississippi,"Hattiesburg, Mississippi",1967,2017,46,1345,704,641,.523,0.89,1.88,1,2,0,3,0,0
375,Southern Utah Thunderbirds,/cbb/schools/southern-utah/,southern-utah,"Cedar City, Utah",1989,2017,29,839,351,488,.418,-7.66,-3.72,0,2,3,1,0,0
376,Southwestern (KS) Moundbuilders,/cbb/schools/southwestern-ks/,southwestern-ks,"Winfield, Kansas",1905,1923,19,289,212,77,.734,,,0,0,0,,,
377,Southwestern (TX) Pirates,/cbb/schools/southwestern-tx/,southwestern-tx,"Georgetown, Texas",1915,1916,2,10,1,9,.100,,,0,0,0,,,
378,Springfield Pride,/cbb/schools/springfield/,springfield,"Springfield, Massachusetts",1897,1935,30,406,268,138,.660,,,0,0,0,,,
379,St. Bonaventure Bonnies,/cbb/schools/st-bonaventure/,st-bonaventure,"St. Bonaventure, New York",1920,2017,97,2332,1318,1014,.565,1.89,1.51,6,7,1,6,1,0
380,St. Francis (NY) Terriers,/cbb/schools/st-francis-ny/,st-francis-ny,"Brooklyn Heights, New York",1902,2017,98,2445,1197,1248,.490,-11.64,-5.54,0,6,0,0,0,0
381,St. John's (NY) Red Storm,/cbb/schools/st-johns-ny/,st-johns-ny,"Queens, New York",1908,2017,110,2863,1863,1000,.651,8.38,4.90,15,14,3,29,2,0
382,St. John's College (OH) ,/cbb/schools/st-johns-college-oh/,st-johns-college-oh,"Toledo, Ohio",1921,1921,1,15,15,0,1.000,,,0,0,0,,,
383,St. Lawrence Saints,/cbb/schools/st-lawrence/,st-lawrence,"Canton, New York",1902,1914,7,99,70,29,.707,,,0,0,0,,,
384,Stanford Cardinal,/cbb/schools/stanford/,stanford,"Stanford, California",1914,2017,102,2626,1495,1131,.569,7.83,6.08,10,11,1,17,2,1
385,Stephen F. Austin Lumberjacks,/cbb/schools/stephen-f-austin/,stephen-f-austin,"Nacogdoches, Texas",1987,2017,31,907,507,400,.559,-6.09,-6.68,0,8,4,4,0,0
386,Stetson Hatters,/cbb/schools/stetson/,stetson,"DeLand, Florida",1972,2017,46,1310,602,708,.460,-8.02,-4.48,0,0,0,0,0,0
387,Stevens Institute Ducks,/cbb/schools/stevens-institute/,stevens-institute,"Hoboken, New Jersey",1917,1920,4,48,37,11,.771,,,0,0,0,,,
388,Stony Brook Seawolves,/cbb/schools/stony-brook/,stony-brook,"Stony Brook, New York",2000,2017,18,552,274,278,.496,-6.85,-5.60,0,4,1,1,0,0
389,SUNY-Potsdam Bears,/cbb/schools/suny-potsdam/,suny-potsdam,"Potsdam, New York",1910,1913,2,32,22,10,.688,,,0,0,0,,,
390,Swarthmore Garnet,/cbb/schools/swarthmore/,swarthmore,"Swarthmore, Pennsylvania",1906,1919,11,133,92,41,.692,,,0,0,0,,,
391,Syracuse Orange,/cbb/schools/syracuse/,syracuse,"Syracuse, New York",1899,2017,117,2846,1965,880,.691,9.52,3.68,30,10,5,38,6,1
392,Temple Owls,/cbb/schools/temple/,temple,"Philadelphia, Pennsylvania",1895,2017,121,2939,1886,1053,.642,6.38,2.44,9,20,10,32,2,0
393,Tennessee State Tigers,/cbb/schools/tennessee-state/,tennessee-state,"Nashville, Tennessee",1978,2017,40,1144,487,657,.426,-8.64,-4.74,0,2,2,2,0,0
394,Tennessee Tech Golden Eagles,/cbb/schools/tennessee-tech/,tennessee-tech,"Cookeville, Tennessee",1944,2017,63,1709,849,860,.497,-6.37,-3.64,0,7,1,2,0,0
395,Tennessee Volunteers,/cbb/schools/tennessee/,tennessee,"Knoxville, Tennessee",1909,2017,108,2637,1599,1036,.607,8.05,4.99,11,12,4,20,0,0
396,Tennessee-Martin Skyhawks,/cbb/schools/tennessee-martin/,tennessee-martin,"Martin, Tennessee",1993,2017,25,738,283,455,.383,-11.06,-4.14,0,1,0,0,0,0
397,Texas A&M Aggies,/cbb/schools/texas-am/,texas-am,"College Station, Texas",1913,2017,105,2632,1388,1244,.527,2.14,2.22,4,12,2,13,0,0
398,Texas A&M-Corpus Christi Islanders,/cbb/schools/texas-am-corpus-christi/,texas-am-corpus-christi,"Corpus Christi, Texas",2003,2017,15,464,248,216,.534,-5.27,-4.42,0,1,1,1,0,0
399,Texas Christian Horned Frogs,/cbb/schools/texas-christian/,texas-christian,"Fort Worth, Texas",1914,2017,104,2554,1179,1375,.462,-0.37,1.62,3,11,0,7,0,0
400,Texas Longhorns,/cbb/schools/texas/,texas,"Austin, Texas",1906,2017,111,2804,1749,1055,.624,5.93,3.35,11,25,2,33,3,0
401,Texas Southern Tigers,/cbb/schools/texas-southern/,texas-southern,"Houston, Texas",1978,2017,40,1179,583,596,.494,-10.73,-8.57,0,12,7,7,0,0
402,Texas State Bobcats,/cbb/schools/texas-state/,texas-state,"San Marcos, Texas",1985,2017,33,962,426,536,.443,-8.99,-5.78,0,3,2,2,0,0
403,Texas Tech Red Raiders,/cbb/schools/texas-tech/,texas-tech,"Lubbock, Texas",1926,2017,89,2375,1316,1059,.554,3.66,2.30,4,12,5,15,0,0
404,Texas Wesleyan Rams,/cbb/schools/texas-wesleyan/,texas-wesleyan,"Fort Worth, Texas",1948,1948,1,30,19,11,.633,,,0,0,0,0,0,0
405,Texas-Arlington Mavericks,/cbb/schools/texas-arlington/,texas-arlington,"Arlington, Texas",1969,2017,49,1398,638,760,.456,-8.52,-4.78,0,3,1,1,0,0
406,Texas-El Paso Miners,/cbb/schools/texas-el-paso/,texas-el-paso,"El Paso, Texas",1923,2017,89,2278,1316,962,.578,3.09,0.78,4,11,5,17,1,1
407,Texas-Rio Grande Valley Vaqueros,/cbb/schools/texas-pan-american/,texas-pan-american,"Edinburg, Texas",1969,2017,49,1369,584,786,.426,-8.51,-3.16,0,0,0,0,0,0
408,Texas-San Antonio Roadrunners,/cbb/schools/texas-san-antonio/,texas-san-antonio,"San Antonio, Texas",1982,2017,36,1055,526,529,.499,-6.29,-4.85,0,3,4,4,0,0
409,Toledo Rockets,/cbb/schools/toledo/,toledo,"Toledo, Ohio",1916,2017,102,2469,1406,1063,.569,0.71,-0.24,2,10,1,4,0,0
410,Towson Tigers,/cbb/schools/towson/,towson,"Towson, Maryland",1980,2017,38,1124,468,656,.416,-8.22,-4.40,0,4,3,2,0,0
411,Trinity (CT) Bantams,/cbb/schools/trinity-ct/,trinity-ct,"Hartford, Connecticut",1897,1911,8,81,28,53,.346,,,0,0,0,,,
412,Trinity (TX) Tigers,/cbb/schools/trinity-tx/,trinity-tx,"San Antonio, Texas",1971,1973,3,70,25,45,.357,-24.37,-5.64,0,0,0,0,0,0
413,Troy Trojans,/cbb/schools/troy/,troy,"Troy, Alabama",1994,2017,24,715,343,372,.480,-7.82,-5.47,0,6,2,2,0,0
414,Tulane Green Wave,/cbb/schools/tulane/,tulane,"New Orleans, Louisiana",1906,2017,107,2456,1201,1255,.489,-1.15,1.11,1,6,0,3,0,0
415,Tulsa Golden Hurricane,/cbb/schools/tulsa/,tulsa,"Tulsa, Oklahoma",1914,2017,104,2545,1413,1132,.555,5.04,3.19,5,10,6,16,0,0
416,U.S. International Gulls,/cbb/schools/alliant-international/,alliant-international,"San Diego, California",1982,1991,10,279,69,210,.247,-18.06,-5.34,0,0,0,0,0,0
417,UC-Davis Aggies,/cbb/schools/california-davis/,california-davis,"Davis, California",2008,2017,10,316,133,183,.421,-7.03,-2.65,0,1,1,1,0,0
418,UC-Irvine Anteaters,/cbb/schools/california-irvine/,california-irvine,"Irvine, California",1978,2017,40,1197,577,620,.482,-1.75,0.36,0,5,1,1,0,0
419,UC-Riverside Highlanders,/cbb/schools/california-riverside/,california-riverside,"Riverside, California",2002,2017,16,471,162,309,.344,-8.61,-1.90,0,0,0,0,0,0
420,UC-Santa Barbara Gauchos,/cbb/schools/california-santa-barbara/,california-santa-barbara,"Santa Barbara, California",1964,2017,54,1524,795,729,.522,-0.36,0.24,0,4,3,5,0,0
421,UCLA Bruins,/cbb/schools/ucla/,ucla,"Los Angeles, California",1920,2017,98,2680,1852,828,.691,15.73,6.89,41,31,4,48,18,11
422,Union (NY) Dutchmen,/cbb/schools/union-ny/,union-ny,"Schenectady, New York",1907,1925,19,266,162,104,.609,,,0,0,0,,,
423,University of California Golden Bears,/cbb/schools/california/,california,"Berkeley, California",1908,2017,108,2740,1605,1135,.586,7.45,6.03,5,14,0,19,3,1
424,Utah State Aggies,/cbb/schools/utah-state/,utah-state,"Logan, Utah",1904,2017,112,2654,1559,1095,.587,3.61,0.85,4,15,8,20,0,0
425,Utah Utes,/cbb/schools/utah/,utah,"Salt Lake City, Utah",1909,2017,109,2757,1779,978,.645,8.11,3.52,21,30,5,29,4,1
426,Utah Valley Wolverines,/cbb/schools/utah-valley/,utah-valley,"Orem, Utah",2010,2017,8,251,125,126,.498,-8.73,-5.99,0,3,0,0,0,0
427,Utica Pioneers,/cbb/schools/utica/,utica,"Utica, New York",1982,1987,6,158,64,94,.405,-12.95,-7.35,0,0,0,0,0,0
428,Valparaiso Crusaders,/cbb/schools/valparaiso/,valparaiso,"Valparaiso, Indiana",1918,2017,82,2068,1099,969,.531,-4.35,-1.68,0,14,10,9,0,0
429,Vanderbilt Commodores,/cbb/schools/vanderbilt/,vanderbilt,"Nashville, Tennessee",1901,2017,115,2708,1585,1123,.585,8.41,4.80,11,3,3,15,0,0
430,Vermont Catamounts,/cbb/schools/vermont/,vermont,"Burlington, Vermont",1921,2017,62,1675,870,805,.519,-10.95,-7.30,0,8,6,6,0,0
431,Villanova Wildcats,/cbb/schools/villanova/,villanova,"Villanova, Pennsylvania",1921,2017,97,2638,1717,921,.651,9.85,5.51,21,11,5,37,5,2
432,Virginia Cavaliers,/cbb/schools/virginia/,virginia,"Charlottesville, Virginia",1906,2017,112,2729,1566,1162,.574,6.25,5.38,11,8,2,21,2,0
433,Virginia Commonwealth Rams,/cbb/schools/virginia-commonwealth/,virginia-commonwealth,"Richmond, Virginia",1974,2017,44,1351,875,476,.648,5.05,0.51,3,10,9,16,1,0
434,Virginia Military Institute Keydets,/cbb/schools/virginia-military-institute/,virginia-military-institute,"Lexington, Virginia",1909,2017,109,2368,877,1491,.370,-13.07,-4.90,1,2,3,3,0,0
435,Virginia Tech Hokies,/cbb/schools/virginia-tech/,virginia-tech,"Blacksburg, Virginia",1909,2017,109,2616,1417,1199,.542,3.34,1.28,1,2,1,9,0,0
436,Wabash Little Giants,/cbb/schools/wabash/,wabash,"Crawfordsville, Indiana",1897,1925,29,407,301,106,.740,,,0,0,0,,,
437,Wagner Seahawks,/cbb/schools/wagner/,wagner,"Staten Island, New York",1966,2017,45,1288,621,667,.482,-9.77,-7.45,0,2,1,1,0,0
438,Wake Forest Demon Deacons,/cbb/schools/wake-forest/,wake-forest,"Winston-Salem, North Carolina",1906,2017,111,2711,1515,1196,.559,8.13,6.10,17,4,5,23,1,0
439,Washburn Ichabods,/cbb/schools/washburn/,washburn,"Topeka, Kansas",1906,1941,35,557,270,283,.488,,,0,0,0,0,0,0
440,Washington & Jefferson Presidents,/cbb/schools/washington-jefferson/,washington-jefferson,"Washington, Pennsylvania",1913,1944,10,128,73,55,.570,,,0,0,0,0,0,0
441,Washington & Lee Generals,/cbb/schools/washington-lee/,washington-lee,"Lexington, Virginia",1907,1959,51,905,472,432,.522,-15.29,-5.66,0,3,2,0,0,0
442,Washington (MO) Bears,/cbb/schools/washington-mo/,washington-mo,"St. Louis, Missouri",1905,1960,52,921,433,488,.470,-5.26,-1.82,0,2,0,0,0,0
443,Washington College Shoremen,/cbb/schools/washington-college/,washington-college,"Chestertown, Maryland",1913,1925,13,151,109,42,.722,,,0,0,0,,,
444,Washington Huskies,/cbb/schools/washington/,washington,"Seattle, Washington",1896,2017,116,2913,1749,1164,.600,7.36,5.98,8,11,3,16,1,0
445,Washington State Cougars,/cbb/schools/washington-state/,washington-state,"Pullman, Washington",1902,2017,116,3057,1570,1487,.514,3.02,4.88,3,2,0,6,1,0
446,Wayne State (MI) Warriors,/cbb/schools/wayne-state-mi/,wayne-state-mi,"Detroit, Michigan",1928,1950,5,104,47,57,.452,,,0,0,0,0,0,0
447,Weber State Wildcats,/cbb/schools/weber-state/,weber-state,"Ogden, Utah",1964,2017,54,1584,1001,583,.632,0.47,-2.55,1,22,10,16,0,0
448,Wesleyan (CT) Cardinals,/cbb/schools/wesleyan-ct/,wesleyan-ct,"Middletown, Connecticut",1896,1913,13,171,97,74,.567,,,0,0,0,,,
449,West Chester Golden Rams,/cbb/schools/west-chester/,west-chester,"West Chester, Pennsylvania",1899,1982,10,244,86,158,.352,-17.60,-8.15,0,1,0,0,0,0
450,West Texas A&M Buffaloes,/cbb/schools/west-texas-am/,west-texas-am,"Canyon, Texas",1921,1986,54,1275,707,568,.555,-6.34,-1.65,0,4,0,1,0,0
451,West Virginia Mountaineers,/cbb/schools/west-virginia/,west-virginia,"Morgantown, West Virginia",1904,2017,108,2798,1730,1068,.618,6.87,2.30,16,16,13,28,2,0
452,Western Carolina Catamounts,/cbb/schools/western-carolina/,western-carolina,"Cullowhee, North Carolina",1977,2017,41,1200,530,670,.442,-8.63,-4.00,0,3,1,1,0,0
453,Western Illinois Leathernecks,/cbb/schools/western-illinois/,western-illinois,"Macomb, Illinois",1982,2017,36,1031,432,599,.419,-8.36,-3.68,0,2,1,0,0,0
454,Western Kentucky Hilltoppers,/cbb/schools/western-kentucky/,western-kentucky,"Bowling Green, Kentucky",1922,2017,96,2645,1745,900,.660,3.20,-0.22,11,28,19,23,1,0
455,Western Michigan Broncos,/cbb/schools/western-michigan/,western-michigan,"Kalamazoo, Michigan",1914,2017,104,2484,1309,1174,.527,-2.59,-0.12,1,10,2,4,0,0
456,Western State Mountaineers,/cbb/schools/western-state/,western-state,"Gunnison, Colorado",1924,1937,14,189,88,101,.466,,,0,0,0,,,
457,Westminster (MO) Blue Jays,/cbb/schools/westminster-mo/,westminster-mo,"Fulton, Missouri",1920,1920,1,17,17,0,1.000,,,0,0,0,,,
458,Westminster (PA) Titans,/cbb/schools/westminster-pa/,westminster-pa,"New Wilmington, Pennsylvania",1898,1935,21,294,210,84,.714,,,0,0,0,,,
459,Wheaton (IL) Thunder,/cbb/schools/wheaton-il/,wheaton-il,"Wheaton, Illinois",1902,1905,4,57,39,17,.696,,,0,0,0,,,
460,Whittier Poets,/cbb/schools/whittier/,whittier,"Whittier, California",1909,1915,3,42,38,3,.927,,,0,0,0,,,
461,Wichita State Shockers,/cbb/schools/wichita-state/,wichita-state,"Wichita, Kansas",1906,2017,110,2719,1539,1180,.566,5.77,3.16,7,11,4,14,2,0
462,Widener Pride,/cbb/schools/widener/,widener,"Chester, Pennsylvania",1899,1909,5,26,20,6,.769,,,0,0,0,,,
463,William & Mary Tribe,/cbb/schools/william-mary/,william-mary,"Williamsburg, Virginia",1906,2017,112,2574,1200,1374,.466,-5.49,-2.63,0,3,0,0,0,0
464,Williams Ephs,/cbb/schools/williams/,williams,"Williamstown, Massachusetts",1901,1911,10,161,136,24,.850,,,0,0,0,,,
465,Winthrop Eagles,/cbb/schools/winthrop/,winthrop,"Rock Hill, South Carolina",1987,2017,31,933,498,435,.534,-8.21,-6.92,1,9,11,10,0,0
466,Wisconsin Badgers,/cbb/schools/wisconsin/,wisconsin,"Madison, Wisconsin",1899,2017,119,2761,1576,1185,.571,8.35,7.63,15,18,3,23,4,1
467,Wisconsin-Stevens Point Pointers,/cbb/schools/wisconsin-stevens-point/,wisconsin-stevens-point,"Stevens Point, Wisconsin",1898,1918,21,156,98,58,.628,,,0,0,0,,,
468,Wisconsin-Superior Yellowjackets,/cbb/schools/wisconsin-superior/,wisconsin-superior,"Superior, Wisconsin",1900,1901,2,14,10,4,.714,,,0,0,0,,,
469,Wittenberg Tigers,/cbb/schools/wittenberg/,wittenberg,"Springfield, Ohio",1931,1931,1,20,18,2,.900,,,0,0,0,,,
470,Wofford Terriers,/cbb/schools/wofford/,wofford,"Spartanburg, South Carolina",1996,2017,22,668,316,352,.473,-6.56,-2.95,0,3,4,4,0,0
471,Wooster Fighting Scots,/cbb/schools/wooster/,wooster,"Wooster, Ohio",1901,1931,31,390,225,165,.577,,,0,0,0,,,
472,Worcester Tech Engineers,/cbb/schools/worcester-tech/,worcester-tech,"Worcester, Massachusetts",1920,1920,1,16,14,2,.875,,,0,0,0,,,
473,Wright State Raiders,/cbb/schools/wright-state/,wright-state,"Dayton, Ohio",1988,2017,30,901,484,417,.537,-1.95,-2.06,0,1,2,2,0,0
474,Wyoming Cowboys,/cbb/schools/wyoming/,wyoming,"Laramie, Wyoming",1905,2017,112,2655,1508,1147,.568,2.94,2.70,4,21,3,15,1,1
475,Xavier Musketeers,/cbb/schools/xavier/,xavier,"Cincinnati, Ohio",1920,2017,96,2425,1442,983,.595,5.32,3.49,11,17,9,27,0,0
476,Yale Bulldogs,/cbb/schools/yale/,yale,"New Haven, Connecticut",1896,2017,122,2901,1442,1456,.498,-6.81,-4.72,1,12,0,4,0,0
477,Youngstown State Penguins,/cbb/schools/youngstown-state/,youngstown-state,"Youngstown, Ohio",1948,2017,37,1068,412,656,.386,-8.40,-3.22,0,0,0,0,0,0
