2013,1,Quincy Acy,/players/a/acyqu01.html,22,TOR,/teams/TOR/2013.html,1,0,4,0,1,.000,0,0,,0,0,,0,0,0,0,0,0,0,1,0
2013,2,Arron Afflalo,/players/a/afflaar01.html,27,ORL,/teams/ORL/2013.html,8,8,281,50,113,.442,11,29,.379,21,24,.875,3,33,36,19,6,3,15,19,132
2013,3,Cole Aldrich,/players/a/aldrico01.html,24,HOU,/teams/HOU/2013.html,6,0,55,8,15,.533,0,0,,2,3,.667,5,7,12,1,1,2,1,11,18
2013,4,LaMarcus Aldridge,/players/a/aldrila01.html,27,POR,/teams/POR/2013.html,9,9,348,78,179,.436,0,4,.000,37,46,.804,14,47,61,35,8,14,18,24,193
2013,5,Lavoy Allen,/players/a/allenla01.html,23,PHI,/teams/PHI/2013.html,9,6,198,25,59,.424,0,0,,5,6,.833,19,17,36,8,1,8,6,18,55
2013,6,Ray Allen,/players/a/allenra02.html,37,MIA,/teams/MIA/2013.html,10,0,269,40,79,.506,21,41,.512,23,28,.821,5,25,30,24,13,2,12,21,124
2013,7,Tony Allen,/players/a/allento01.html,31,MEM,/teams/MEM/2013.html,8,8,179,22,59,.373,0,5,.000,11,12,.917,5,18,23,5,13,6,8,25,55
2013,8,Al-Farouq Aminu,/players/a/aminual01.html,22,NOH,/teams/NOH/2013.html,7,7,221,37,74,.500,0,5,.000,13,19,.684,12,45,57,16,13,8,17,20,87
2013,9,Louis Amundson,/players/a/amundlo01.html,30,MIN,/teams/MIN/2013.html,6,0,68,1,7,.143,0,0,,3,10,.300,6,10,16,1,4,4,5,9,5
2013,10,Alan Anderson,/players/a/anderal01.html,30,TOR,/teams/TOR/2013.html,6,1,124,14,44,.318,8,27,.296,8,9,.889,2,6,8,7,4,1,5,12,44
2013,11,Ryan Anderson,/players/a/anderry01.html,24,NOH,/teams/NOH/2013.html,7,2,214,43,94,.457,18,50,.360,7,7,1.000,21,39,60,10,2,1,6,15,111
2013,12,Carmelo Anthony,/players/a/anthoca01.html,28,NYK,/teams/NYK/2013.html,7,7,256,58,132,.439,10,31,.323,37,48,.771,14,38,52,12,5,5,18,22,163
2013,13,Joel Anthony,/players/a/anthojo01.html,30,MIA,/teams/MIA/2013.html,6,0,31,2,6,.333,0,0,,0,0,,1,5,6,1,0,5,2,2,4
2013,14,Trevor Ariza,/players/a/arizatr01.html,27,WAS,/teams/WAS/2013.html,7,7,172,20,59,.339,5,19,.263,8,10,.800,6,23,29,15,16,6,8,8,53
2013,15,Omer Asik,/players/a/asikom01.html,26,HOU,/teams/HOU/2013.html,9,9,300,36,78,.462,0,0,,28,38,.737,42,77,119,9,6,11,32,26,100
2013,16,D.J. Augustin,/players/a/augusdj01.html,25,IND,/teams/IND/2013.html,10,0,136,8,38,.211,7,27,.259,5,6,.833,0,12,12,24,3,1,7,2,28
2013,17,Gustavo Ayon,/players/a/ayongu01.html,27,ORL,/teams/ORL/2013.html,7,0,74,7,16,.438,0,0,,0,4,.000,5,13,18,7,2,1,5,11,14
2013,18,Luke Babbitt,/players/b/babbilu01.html,23,POR,/teams/POR/2013.html,5,0,20,4,10,.400,3,8,.375,0,0,,0,3,3,3,2,0,1,6,11
2013,19,Leandro Barbosa,/players/b/barbole01.html,30,BOS,/teams/BOS/2013.html,9,1,131,24,50,.480,6,16,.375,10,14,.714,1,8,9,15,2,1,5,10,64
2013,20,Jose Barea,/players/b/bareajo01.html,28,MIN,/teams/MIN/2013.html,4,0,77,12,27,.444,2,8,.250,11,12,.917,4,6,10,17,2,0,6,6,37
2013,21,Andrea Bargnani,/players/b/bargnan01.html,27,TOR,/teams/TOR/2013.html,8,8,276,45,126,.357,13,36,.361,27,31,.871,6,31,37,12,6,5,12,16,130
2013,22,Harrison Barnes,/players/b/barneha02.html,20,GSW,/teams/GSW/2013.html,9,9,240,36,74,.486,6,18,.333,17,23,.739,11,28,39,11,4,1,13,27,95
2013,23,Matt Barnes,/players/b/barnema02.html,32,LAC,/teams/LAC/2013.html,7,0,172,16,42,.381,3,18,.167,7,8,.875,9,25,34,11,7,4,7,21,42
2013,24,Earl Barron,/players/b/barroea01.html,31,WAS,/teams/WAS/2013.html,3,0,24,7,10,.700,0,0,,1,3,.333,6,6,12,0,1,1,2,4,15
2013,25,Will Barton,/players/b/bartowi01.html,22,POR,/teams/POR/2013.html,6,0,26,2,9,.222,1,3,.333,0,0,,1,4,5,1,1,1,3,2,5
2013,26,Brandon Bass,/players/b/bassbr01.html,27,BOS,/teams/BOS/2013.html,9,6,267,33,73,.452,0,1,.000,23,26,.885,18,33,51,9,4,8,8,23,89
2013,27,Shane Battier,/players/b/battish01.html,34,MIA,/teams/MIA/2013.html,10,10,252,23,50,.460,20,43,.465,4,6,.667,4,17,21,8,7,10,9,27,70
2013,28,Nicolas Batum,/players/b/batumni01.html,24,POR,/teams/POR/2013.html,9,9,357,65,136,.478,26,66,.394,29,38,.763,15,42,57,29,21,12,23,19,185
2013,29,Jerryd Bayless,/players/b/bayleje01.html,24,MEM,/teams/MEM/2013.html,8,0,122,21,43,.488,10,19,.526,5,6,.833,0,10,10,23,7,3,11,19,57
2013,30,Kent Bazemore,/players/b/bazemke01.html,23,GSW,/teams/GSW/2013.html,2,0,6,0,4,.000,0,0,,0,0,,1,1,2,1,0,2,0,0,0
2013,31,Bradley Beal,/players/b/bealbr01.html,19,WAS,/teams/WAS/2013.html,7,7,201,25,78,.321,11,33,.333,20,21,.952,5,17,22,13,7,2,11,13,81
2013,32,Michael Beasley,/players/b/beaslmi01.html,24,PHO,/teams/PHO/2013.html,10,10,297,52,146,.356,9,33,.273,19,28,.679,17,34,51,30,5,9,26,25,132
2013,33,Rodrigue Beaubois,/players/b/beaubro01.html,24,DAL,/teams/DAL/2013.html,7,0,114,11,35,.314,2,11,.182,7,8,.875,2,15,17,18,6,1,6,11,31
2013,34,Marco Belinelli,/players/b/belinma01.html,26,CHI,/teams/CHI/2013.html,8,0,133,16,36,.444,8,18,.444,10,11,.909,0,10,10,7,4,0,6,5,50
2013,35,Andris Biedrins,/players/b/biedran01.html,26,GSW,/teams/GSW/2013.html,6,0,67,0,3,.000,0,0,,2,6,.333,2,18,20,4,3,2,5,11,2
2013,36,Bismack Biyombo,/players/b/biyombi01.html,20,CHA,/teams/CHA/2013.html,7,1,127,8,15,.533,0,0,,1,3,.333,8,20,28,0,1,11,5,9,17
2013,37,DeJuan Blair,/players/b/blairde01.html,23,SAS,/teams/SAS/2013.html,6,2,98,13,34,.382,0,0,,6,6,1.000,7,20,27,9,5,1,6,12,32
2013,38,Steve Blake,/players/b/blakest01.html,32,LAL,/teams/LAL/2013.html,7,5,182,12,34,.353,8,20,.400,4,4,1.000,3,14,17,24,9,0,9,16,36
2013,39,Andray Blatche,/players/b/blatcan01.html,26,BRK,/teams/BRK/2013.html,7,0,119,19,53,.358,0,1,.000,14,19,.737,15,26,41,7,2,7,9,12,52
2013,40,Eric Bledsoe,/players/b/bledser01.html,23,LAC,/teams/LAC/2013.html,8,0,145,33,67,.493,2,7,.286,17,20,.850,9,9,18,21,12,4,17,13,85
2013,41,Keith Bogans,/players/b/boganke01.html,32,BRK,/teams/BRK/2013.html,7,6,100,8,25,.320,6,21,.286,0,0,,1,9,10,9,2,0,4,9,22
2013,42,Andrew Bogut,/players/b/bogutan01.html,28,GSW,/teams/GSW/2013.html,4,4,73,11,20,.550,0,0,,2,4,.500,4,11,15,8,1,4,4,6,24
2013,43,Matt Bonner,/players/b/bonnema01.html,32,SAS,/teams/SAS/2013.html,6,0,65,6,11,.545,5,8,.625,0,0,,1,3,4,2,3,1,4,7,17
2013,44,Trevor Booker,/players/b/booketr01.html,25,WAS,/teams/WAS/2013.html,7,7,174,27,57,.474,0,2,.000,3,5,.600,11,24,35,12,6,5,10,15,57
2013,45,Carlos Boozer,/players/b/boozeca01.html,31,CHI,/teams/CHI/2013.html,8,8,239,43,98,.439,0,0,,21,29,.724,13,55,68,23,8,1,17,23,107
2013,46,Chris Bosh,/players/b/boshch01.html,28,MIA,/teams/MIA/2013.html,10,10,322,70,132,.530,1,10,.100,51,57,.895,26,45,71,13,8,13,15,21,192
2013,47,Elton Brand,/players/b/brandel01.html,33,DAL,/teams/DAL/2013.html,9,9,223,24,65,.369,0,0,,15,19,.789,18,39,57,15,8,12,10,26,63
2013,48,Corey Brewer,/players/b/breweco01.html,26,DEN,/teams/DEN/2013.html,9,0,198,34,91,.374,17,48,.354,6,7,.857,4,29,33,4,9,3,9,17,91
2013,49,Ronnie Brewer,/players/b/brewero02.html,27,NYK,/teams/NYK/2013.html,7,7,173,24,50,.480,8,18,.444,4,11,.364,9,25,34,9,7,1,2,6,60
2013,50,Aaron Brooks,/players/b/brookaa01.html,28,SAC,/teams/SAC/2013.html,9,1,175,23,63,.365,10,29,.345,1,3,.333,1,14,15,18,4,1,6,22,57
2013,51,MarShon Brooks,/players/b/brookma01.html,24,BRK,/teams/BRK/2013.html,4,0,64,13,21,.619,1,1,1.000,6,9,.667,2,5,7,4,2,1,4,8,33
2013,52,Kwame Brown,/players/b/brownkw01.html,30,PHI,/teams/PHI/2013.html,3,3,47,4,10,.400,0,0,,1,2,.500,3,7,10,2,1,1,0,6,9
2013,53,Shannon Brown,/players/b/brownsh01.html,27,PHO,/teams/PHO/2013.html,10,0,219,47,114,.412,12,30,.400,27,32,.844,4,17,21,18,5,2,14,11,133
2013,54,Kobe Bryant,/players/b/bryanko01.html,34,LAL,/teams/LAL/2013.html,9,9,328,85,160,.531,16,39,.410,56,61,.918,8,38,46,43,12,0,31,22,242
2013,55,Chase Budinger,/players/b/budinch01.html,24,MIN,/teams/MIN/2013.html,6,1,141,24,50,.480,7,23,.304,16,20,.800,4,17,21,9,6,3,12,9,71
2013,56,Alec Burks,/players/b/burksal01.html,21,UTA,/teams/UTA/2013.html,5,0,41,3,15,.200,0,4,.000,1,5,.200,0,3,3,3,0,0,1,5,7
2013,57,Caron Butler,/players/b/butleca01.html,32,LAC,/teams/LAC/2013.html,8,8,207,35,72,.486,14,28,.500,5,6,.833,1,18,19,8,3,4,11,18,89
2013,58,Jimmy Butler,/players/b/butleji01.html,23,CHI,/teams/CHI/2013.html,8,0,97,11,17,.647,0,1,.000,12,12,1.000,6,7,13,6,4,0,2,7,34
2013,59,Will Bynum,/players/b/bynumwi01.html,30,DET,/teams/DET/2013.html,10,0,151,25,67,.373,1,6,.167,16,18,.889,1,10,11,26,5,2,17,22,67
2013,60,Jose Calderon,/players/c/caldejo01.html,31,TOR,/teams/TOR/2013.html,8,4,241,34,76,.447,16,32,.500,6,6,1.000,4,13,17,55,9,1,18,12,90
2013,61,Marcus Camby,/players/c/cambyma01.html,38,NYK,/teams/NYK/2013.html,2,0,12,0,0,,0,0,,2,2,1.000,1,3,4,0,0,0,0,0,2
2013,62,DeMarre Carroll,/players/c/carrode01.html,26,UTA,/teams/UTA/2013.html,5,0,63,10,18,.556,1,4,.250,7,10,.700,5,4,9,3,4,2,0,6,28
2013,63,Matt Carroll,/players/c/carroma01.html,32,CHA,/teams/CHA/2013.html,1,0,6,0,0,,0,0,,0,0,,0,0,0,1,0,0,0,1,0
2013,64,Vince Carter,/players/c/cartevi01.html,36,DAL,/teams/DAL/2013.html,10,0,242,42,111,.378,17,50,.340,20,27,.741,4,29,33,13,11,6,11,32,121
2013,65,Omri Casspi,/players/c/casspom01.html,24,CLE,/teams/CLE/2013.html,4,0,34,2,10,.200,2,7,.286,5,8,.625,3,6,9,0,2,0,3,3,11
2013,66,Mario Chalmers,/players/c/chalmma01.html,26,MIA,/teams/MIA/2013.html,10,10,257,23,61,.377,8,25,.320,9,14,.643,1,25,26,50,16,2,15,29,63
2013,67,Tyson Chandler,/players/c/chandty01.html,30,NYK,/teams/NYK/2013.html,7,7,198,26,42,.619,0,0,,17,22,.773,24,30,54,1,4,4,7,24,69
2013,68,Wilson Chandler,/players/c/chandwi01.html,25,DEN,/teams/DEN/2013.html,4,0,69,10,32,.313,2,8,.250,4,8,.500,6,14,20,0,0,1,5,10,26
2013,69,Josh Childress,/players/c/childjo01.html,29,BRK,/teams/BRK/2013.html,4,0,59,2,6,.333,0,0,,0,0,,2,6,8,3,1,1,0,1,4
2013,70,Earl Clark,/players/c/clarkea01.html,25,LAL,/teams/LAL/2013.html,3,0,5,1,3,.333,0,0,,0,0,,0,1,1,0,0,0,0,2,2
2013,71,Victor Claver,/players/c/clavevi01.html,24,POR,/teams/POR/2013.html,3,0,14,0,0,,0,0,,0,0,,0,2,2,1,0,0,1,0,0
2013,72,Norris Cole,/players/c/coleno01.html,24,MIA,/teams/MIA/2013.html,9,0,179,15,45,.333,3,12,.250,10,12,.833,3,10,13,19,3,1,16,17,43
2013,73,Jason Collins,/players/c/collija04.html,34,BOS,/teams/BOS/2013.html,1,0,8,1,2,.500,0,0,,0,0,,1,0,1,0,0,0,0,2,2
2013,74,Darren Collison,/players/c/collida01.html,25,DAL,/teams/DAL/2013.html,10,10,333,50,109,.459,4,12,.333,35,40,.875,2,23,25,64,11,0,20,16,139
2013,75,Nick Collison,/players/c/collini01.html,32,OKC,/teams/OKC/2013.html,10,0,187,19,31,.613,0,0,,5,8,.625,10,23,33,10,5,5,16,36,43
2013,76,Mike Conley,/players/c/conlemi01.html,25,MEM,/teams/MEM/2013.html,8,8,267,41,86,.477,11,29,.379,20,24,.833,5,22,27,56,14,1,23,16,113
2013,77,Will Conroy,/players/c/conrowi01.html,30,MIN,/teams/MIN/2013.html,4,0,20,0,9,.000,0,3,.000,1,2,.500,1,0,1,0,0,0,0,1,1
2013,78,Daequan Cook,/players/c/cookda02.html,25,HOU,/teams/HOU/2013.html,3,0,18,2,5,.400,1,3,.333,0,0,,0,3,3,3,0,0,0,2,5
2013,79,Chris Copeland,/players/c/copelch01.html,28,NYK,/teams/NYK/2013.html,4,0,9,2,6,.333,1,2,.500,3,4,.750,1,0,1,1,0,0,0,0,8
2013,80,DeMarcus Cousins,/players/c/couside01.html,22,SAC,/teams/SAC/2013.html,7,7,218,47,116,.405,0,0,,19,27,.704,26,49,75,13,14,5,17,25,113
2013,81,Jamal Crawford,/players/c/crawfja01.html,32,LAC,/teams/LAC/2013.html,8,0,226,54,105,.514,19,45,.422,37,41,.902,1,14,15,9,12,0,17,9,164
2013,82,Jordan Crawford,/players/c/crawfjo02.html,24,WAS,/teams/WAS/2013.html,7,0,152,28,65,.431,10,28,.357,13,19,.684,7,20,27,24,3,2,17,11,79
2013,83,Jae Crowder,/players/c/crowdja01.html,22,DAL,/teams/DAL/2013.html,10,4,195,28,58,.483,12,31,.387,5,9,.556,0,24,24,11,6,2,8,22,73
2013,84,Dante Cunningham,/players/c/cunnida01.html,25,MIN,/teams/MIN/2013.html,9,0,222,40,74,.541,0,0,,7,10,.700,17,38,55,8,4,6,5,26,87
2013,85,Jared Cunningham,/players/c/cunnija01.html,21,DAL,/teams/DAL/2013.html,5,0,16,2,5,.400,2,3,.667,0,0,,0,1,1,1,1,0,1,2,6
2013,86,Eddy Curry,/players/c/curryed01.html,30,DAL,/teams/DAL/2013.html,2,0,25,4,8,.500,0,0,,1,4,.250,2,2,4,0,0,0,3,7,9
2013,87,Stephen Curry,/players/c/curryst01.html,24,GSW,/teams/GSW/2013.html,9,9,321,53,136,.390,17,55,.309,30,35,.857,7,33,40,49,17,1,30,29,153
2013,88,Samuel Dalembert,/players/d/dalemsa01.html,31,MIL,/teams/MIL/2013.html,7,7,113,19,26,.731,0,0,,6,8,.750,9,23,32,4,2,8,6,14,44
2013,89,Marquis Daniels,/players/d/daniema01.html,32,MIL,/teams/MIL/2013.html,6,0,92,15,37,.405,0,7,.000,4,4,1.000,3,6,9,5,7,1,5,3,34
2013,90,Anthony Davis,/players/d/davisan02.html,19,NOH,/teams/NOH/2013.html,5,5,138,25,57,.439,0,2,.000,18,22,.818,16,23,39,4,6,13,5,7,68
2013,91,Ed Davis,/players/d/davised01.html,23,TOR,/teams/TOR/2013.html,8,0,114,13,28,.464,0,0,,7,11,.636,13,25,38,1,4,4,6,17,33
2013,92,Glen Davis,/players/d/davisgl01.html,27,ORL,/teams/ORL/2013.html,8,8,258,57,131,.435,0,1,.000,11,19,.579,21,45,66,21,8,4,14,25,125
2013,93,Austin Daye,/players/d/dayeau01.html,24,DET,/teams/DET/2013.html,1,0,6,2,2,1.000,1,1,1.000,0,0,,0,1,1,0,0,0,0,1,5
2013,94,Nando De Colo,/players/d/decolna01.html,25,SAS,/teams/SAS/2013.html,4,0,19,1,6,.167,1,2,.500,1,2,.500,0,2,2,3,0,0,1,2,4
2013,95,Carlos Delfino,/players/d/delfica01.html,30,HOU,/teams/HOU/2013.html,8,0,189,22,66,.333,15,47,.319,6,8,.750,2,29,31,15,8,1,10,11,65
2013,96,Luol Deng,/players/d/denglu01.html,27,CHI,/teams/CHI/2013.html,8,8,328,59,119,.496,7,26,.269,28,36,.778,16,41,57,22,5,5,19,11,153
2013,97,DeMar DeRozan,/players/d/derozde01.html,23,TOR,/teams/TOR/2013.html,8,8,306,58,131,.443,4,16,.250,40,51,.784,8,33,41,17,8,2,13,23,160
2013,98,Boris Diaw,/players/d/diawbo01.html,30,SAS,/teams/SAS/2013.html,9,6,209,17,28,.607,2,8,.250,5,8,.625,6,22,28,22,8,2,9,20,41
2013,99,DeSagana Diop,/players/d/diopde01.html,31,CHA,/teams/CHA/2013.html,3,0,24,0,3,.000,0,0,,0,0,,1,1,2,1,2,1,0,0,0
2013,100,Toney Douglas,/players/d/douglto01.html,26,HOU,/teams/HOU/2013.html,8,0,126,12,44,.273,5,20,.250,13,13,1.000,1,8,9,16,9,0,10,15,42
2013,101,Goran Dragic,/players/d/dragigo01.html,26,PHO,/teams/PHO/2013.html,10,10,339,58,121,.479,16,43,.372,35,48,.729,10,17,27,72,18,2,22,28,167
2013,102,Andre Drummond,/players/d/drumman01.html,19,DET,/teams/DET/2013.html,10,0,151,28,40,.700,1,1,1.000,11,22,.500,19,27,46,5,8,11,9,17,68
2013,103,Jared Dudley,/players/d/dudleja01.html,27,PHO,/teams/PHO/2013.html,10,10,283,37,84,.440,10,33,.303,5,10,.500,6,18,24,16,8,2,13,14,89
2013,104,Chris Duhon,/players/d/duhonch01.html,30,LAL,/teams/LAL/2013.html,5,0,57,3,7,.429,2,5,.400,0,0,,2,3,5,9,0,0,3,6,8
2013,105,Tim Duncan,/players/d/duncati01.html,36,SAS,/teams/SAS/2013.html,9,9,278,66,125,.528,0,1,.000,32,44,.727,14,77,91,22,10,24,11,17,164
2013,106,Mike Dunleavy,/players/d/dunlemi02.html,32,MIL,/teams/MIL/2013.html,7,0,184,28,56,.500,14,26,.538,9,14,.643,2,36,38,17,6,1,10,14,79
2013,107,Kevin Durant,/players/d/duranke01.html,24,OKC,/teams/OKC/2013.html,10,10,387,85,166,.512,12,27,.444,63,71,.887,9,93,102,41,16,15,40,13,245
2013,108,Devin Ebanks,/players/e/ebankde01.html,23,LAL,/teams/LAL/2013.html,4,0,41,3,13,.231,1,5,.200,3,4,.750,4,4,8,3,0,1,4,7,10
2013,109,Wayne Ellington,/players/e/ellinwa01.html,25,MEM,/teams/MEM/2013.html,8,0,138,23,45,.511,12,26,.462,4,4,1.000,3,7,10,12,3,1,1,10,62
2013,110,Monta Ellis,/players/e/ellismo01.html,27,MIL,/teams/MIL/2013.html,7,7,246,52,132,.394,7,29,.241,29,35,.829,4,20,24,38,11,4,21,10,140
2013,111,Kim English,/players/e/engliki01.html,24,DET,/teams/DET/2013.html,7,0,80,8,21,.381,6,13,.462,2,2,1.000,1,4,5,7,3,2,4,8,24
2013,112,Jeremy Evans,/players/e/evansje01.html,25,UTA,/teams/UTA/2013.html,3,0,11,0,1,.000,0,0,,2,4,.500,2,2,4,0,1,0,0,2,2
2013,113,Reggie Evans,/players/e/evansre01.html,32,BRK,/teams/BRK/2013.html,7,0,121,6,9,.667,0,0,,9,16,.563,14,36,50,2,5,1,7,16,21
2013,114,Tyreke Evans,/players/e/evansty01.html,23,SAC,/teams/SAC/2013.html,9,9,290,40,103,.388,2,13,.154,22,28,.786,7,38,45,28,12,3,18,20,104
2013,115,Festus Ezeli,/players/e/ezelife01.html,23,GSW,/teams/GSW/2013.html,9,5,147,11,24,.458,0,0,,6,16,.375,16,20,36,1,5,6,8,17,28
2013,116,Kenneth Faried,/players/f/farieke01.html,23,DEN,/teams/DEN/2013.html,9,9,273,53,98,.541,0,0,,21,41,.512,54,52,106,4,8,10,12,24,127
2013,117,Derrick Favors,/players/f/favorde01.html,21,UTA,/teams/UTA/2013.html,10,0,241,33,70,.471,0,0,,29,43,.674,30,44,74,5,10,21,17,23,95
2013,118,Raymond Felton,/players/f/feltora01.html,28,NYK,/teams/NYK/2013.html,7,7,232,46,106,.434,11,30,.367,10,16,.625,6,16,22,44,10,0,18,14,113
2013,119,Landry Fields,/players/f/fieldla01.html,24,TOR,/teams/TOR/2013.html,5,5,107,5,24,.208,0,3,.000,2,3,.667,3,13,16,8,3,0,5,6,12
2013,120,Evan Fournier,/players/f/fournev01.html,20,DEN,/teams/DEN/2013.html,3,0,29,3,9,.333,1,6,.167,0,0,,1,0,1,3,0,0,4,1,7
2013,121,Randy Foye,/players/f/foyera01.html,29,UTA,/teams/UTA/2013.html,10,0,257,36,93,.387,23,53,.434,20,23,.870,3,11,14,17,4,4,9,28,115
2013,122,Jimmer Fredette,/players/f/fredeji01.html,23,SAC,/teams/SAC/2013.html,8,0,80,21,40,.525,5,15,.333,11,12,.917,1,3,4,10,2,0,5,6,58
2013,123,Joel Freeland,/players/f/freeljo01.html,25,POR,/teams/POR/2013.html,5,0,33,1,12,.083,0,0,,4,4,1.000,5,5,10,1,0,1,2,3,6
2013,124,Danilo Gallinari,/players/g/gallida01.html,24,DEN,/teams/DEN/2013.html,8,8,283,38,118,.322,12,54,.222,23,33,.697,8,44,52,21,4,6,10,20,111
2013,125,Francisco Garcia,/players/g/garcifr01.html,31,SAC,/teams/SAC/2013.html,5,0,47,4,17,.235,1,4,.250,0,0,,2,3,5,1,3,1,0,4,9
2013,126,Kevin Garnett,/players/g/garneke01.html,36,BOS,/teams/BOS/2013.html,9,9,271,54,113,.478,0,0,,28,34,.824,7,65,72,16,7,9,13,18,136
2013,127,Diante Garrett,/players/g/garredi02.html,24,PHO,/teams/PHO/2013.html,1,0,5,1,1,1.000,0,0,,0,0,,0,0,0,2,1,0,0,0,2
2013,128,Marc Gasol,/players/g/gasolma01.html,28,MEM,/teams/MEM/2013.html,8,8,296,42,87,.483,0,1,.000,39,45,.867,13,44,57,34,5,10,7,25,123
2013,129,Pau Gasol,/players/g/gasolpa01.html,32,LAL,/teams/LAL/2013.html,9,9,336,51,120,.425,1,5,.200,23,26,.885,24,65,89,29,6,14,16,17,126
2013,130,Rudy Gay,/players/g/gayru01.html,26,MEM,/teams/MEM/2013.html,8,8,290,62,149,.416,7,24,.292,31,41,.756,14,34,48,19,12,10,18,17,162
2013,131,Alonzo Gee,/players/g/geeal01.html,25,CLE,/teams/CLE/2013.html,8,8,255,30,78,.385,6,21,.286,20,20,1.000,7,17,24,18,14,1,19,24,86
2013,132,Paul George,/players/g/georgpa01.html,22,IND,/teams/IND/2013.html,10,10,368,51,133,.383,15,48,.313,18,19,.947,9,67,76,32,14,9,31,23,135
2013,133,Daniel Gibson,/players/g/gibsoda01.html,26,CLE,/teams/CLE/2013.html,8,0,169,24,50,.480,15,35,.429,5,9,.556,2,16,18,10,8,1,5,23,68
2013,134,Taj Gibson,/players/g/gibsota01.html,27,CHI,/teams/CHI/2013.html,8,0,163,22,50,.440,0,0,,12,17,.706,11,25,36,6,1,15,6,15,56
2013,135,Manu Ginobili,/players/g/ginobma01.html,35,SAS,/teams/SAS/2013.html,7,0,150,19,51,.373,4,24,.167,17,22,.773,1,14,15,27,6,2,19,12,59
2013,136,Ben Gordon,/players/g/gordobe01.html,29,CHA,/teams/CHA/2013.html,5,0,121,29,63,.460,9,21,.429,6,10,.600,4,8,12,14,2,2,9,9,73
2013,137,Marcin Gortat,/players/g/gortama01.html,28,PHO,/teams/PHO/2013.html,10,10,341,50,97,.515,0,0,,17,24,.708,33,69,102,7,8,32,13,26,117
2013,138,Aaron Gray,/players/g/grayaa01.html,28,TOR,/teams/TOR/2013.html,5,0,47,5,8,.625,0,0,,2,4,.500,0,8,8,2,2,0,2,11,12
2013,139,Danny Green,/players/g/greenda02.html,25,SAS,/teams/SAS/2013.html,9,9,265,39,80,.488,18,41,.439,6,7,.857,7,20,27,12,10,6,7,13,102
2013,140,Draymond Green,/players/g/greendr01.html,22,GSW,/teams/GSW/2013.html,9,0,57,2,13,.154,1,7,.143,4,6,.667,5,4,9,3,2,1,4,10,9
2013,141,Gerald Green,/players/g/greenge01.html,27,IND,/teams/IND/2013.html,10,3,270,33,90,.367,10,33,.303,15,21,.714,13,39,52,4,2,4,14,15,91
2013,142,Jeff Green,/players/g/greenje02.html,26,BOS,/teams/BOS/2013.html,9,0,198,27,64,.422,4,11,.364,17,24,.708,4,26,30,5,5,4,15,9,75
2013,143,Willie Green,/players/g/greenwi01.html,31,LAC,/teams/LAC/2013.html,8,8,153,20,43,.465,9,22,.409,4,6,.667,1,10,11,9,2,3,5,15,53
2013,144,Blake Griffin,/players/g/griffbl01.html,23,LAC,/teams/LAC/2013.html,8,8,254,51,103,.495,0,2,.000,28,43,.651,12,60,72,31,10,7,25,25,130
2013,145,Hamed Haddadi,/players/h/haddaha01.html,27,MEM,/teams/MEM/2013.html,1,0,3,0,1,.000,0,0,,0,0,,0,0,0,0,0,0,1,0,0
2013,146,Jordan Hamilton,/players/h/hamiljo02.html,22,DEN,/teams/DEN/2013.html,4,1,40,9,21,.429,3,9,.333,2,4,.500,1,9,10,3,2,0,1,3,23
2013,147,Richard Hamilton,/players/h/hamilri01.html,34,CHI,/teams/CHI/2013.html,8,8,221,40,89,.449,3,9,.333,21,23,.913,2,18,20,20,5,1,16,11,104
2013,148,Ben Hansbrough,/players/h/hansbbe01.html,25,IND,/teams/IND/2013.html,2,0,10,1,1,1.000,0,0,,0,0,,0,1,1,3,1,0,3,2,2
2013,149,Tyler Hansbrough,/players/h/hansbty01.html,27,IND,/teams/IND/2013.html,10,0,197,22,52,.423,0,1,.000,38,54,.704,19,29,48,3,6,2,8,17,82
2013,150,James Harden,/players/h/hardeja01.html,23,HOU,/teams/HOU/2013.html,9,9,361,75,170,.441,14,54,.259,76,91,.835,9,34,43,42,14,6,37,20,240
2013,151,Maurice Harkless,/players/h/harklma01.html,19,ORL,/teams/ORL/2013.html,5,0,84,8,18,.444,0,1,.000,3,8,.375,9,11,20,2,4,8,2,9,19
2013,152,Josh Harrellson,/players/h/harrejo01.html,23,MIA,/teams/MIA/2013.html,3,0,10,2,3,.667,1,1,1.000,0,0,,2,3,5,0,1,0,1,1,5
2013,153,Devin Harris,/players/h/harride01.html,29,ATL,/teams/ATL/2013.html,7,1,126,13,36,.361,3,13,.231,4,7,.571,0,10,10,15,2,2,10,11,33
2013,154,Terrel Harris,/players/h/harrite01.html,25,MIA,/teams/MIA/2013.html,2,0,9,1,3,.333,0,0,,2,2,1.000,2,1,3,0,0,0,2,1,4
2013,155,Tobias Harris,/players/h/harrito02.html,20,MIL,/teams/MIL/2013.html,7,7,134,24,38,.632,3,6,.500,7,8,.875,5,19,24,7,0,2,8,15,58
2013,156,Udonis Haslem,/players/h/hasleud01.html,32,MIA,/teams/MIA/2013.html,10,0,173,20,35,.571,0,0,,6,10,.600,9,38,47,2,0,2,8,17,46
2013,157,Spencer Hawes,/players/h/hawessp01.html,24,PHI,/teams/PHI/2013.html,9,0,190,31,72,.431,3,7,.429,7,12,.583,14,43,57,13,2,11,10,25,72
2013,158,Chuck Hayes,/players/h/hayesch01.html,29,SAC,/teams/SAC/2013.html,9,1,202,14,32,.438,0,0,,1,2,.500,19,36,55,22,3,6,8,23,29
2013,159,Gordon Hayward,/players/h/haywago01.html,22,UTA,/teams/UTA/2013.html,10,10,309,48,107,.449,10,31,.323,27,34,.794,13,20,33,21,9,7,14,25,133
2013,160,Brendan Haywood,/players/h/haywobr01.html,33,CHA,/teams/CHA/2013.html,6,6,171,22,39,.564,0,0,,3,7,.429,23,26,49,3,2,6,9,20,47
2013,161,Gerald Henderson,/players/h/hendege02.html,25,CHA,/teams/CHA/2013.html,2,2,56,8,23,.348,2,5,.400,7,8,.875,2,2,4,5,6,2,3,5,25
2013,162,Xavier Henry,/players/h/henryxa01.html,21,NOH,/teams/NOH/2013.html,4,0,41,4,9,.444,0,0,,1,3,.333,1,4,5,1,0,0,1,2,9
2013,163,John Henson,/players/h/hensojo01.html,22,MIL,/teams/MIL/2013.html,2,0,25,6,13,.462,0,0,,1,4,.250,4,0,4,1,1,4,1,4,13
2013,164,Roy Hibbert,/players/h/hibbero01.html,26,IND,/teams/IND/2013.html,10,10,292,39,103,.379,0,0,,10,22,.455,42,37,79,14,8,24,18,28,88
2013,165,J.J. Hickson,/players/h/hicksjj01.html,24,POR,/teams/POR/2013.html,9,9,261,38,80,.475,0,0,,17,26,.654,39,63,102,4,5,5,15,19,93
2013,166,Cory Higgins,/players/h/higgico01.html,23,CHA,/teams/CHA/2013.html,4,0,13,0,6,.000,0,2,.000,0,0,,0,0,0,1,1,0,0,3,0
2013,167,George Hill,/players/h/hillge01.html,26,IND,/teams/IND/2013.html,10,10,351,53,125,.424,12,41,.293,24,30,.800,8,34,42,49,12,5,21,15,142
2013,168,Jordan Hill,/players/h/hilljo01.html,25,LAL,/teams/LAL/2013.html,9,0,150,23,48,.479,0,1,.000,21,33,.636,31,20,51,5,4,7,12,15,67
2013,169,Kirk Hinrich,/players/h/hinriki01.html,32,CHI,/teams/CHI/2013.html,7,7,171,14,43,.326,4,11,.364,5,11,.455,5,16,21,37,10,1,9,16,37
2013,170,Jrue Holiday,/players/h/holidjr01.html,22,PHI,/teams/PHI/2013.html,9,9,344,63,139,.453,13,29,.448,33,42,.786,6,30,36,77,14,5,47,21,172
2013,171,Ryan Hollins,/players/h/holliry01.html,28,LAC,/teams/LAC/2013.html,8,0,121,6,11,.545,0,0,,6,8,.750,11,16,27,1,3,6,10,31,18
2013,172,Al Horford,/players/h/horfoal01.html,26,ATL,/teams/ATL/2013.html,7,7,250,48,89,.539,0,0,,13,19,.684,16,46,62,16,3,6,11,13,109
2013,173,Dwight Howard,/players/h/howardw01.html,27,LAL,/teams/LAL/2013.html,9,9,319,62,102,.608,0,0,,48,95,.505,36,65,101,17,9,24,33,33,172
2013,174,Josh Howard,/players/h/howarjo01.html,32,MIN,/teams/MIN/2013.html,1,0,14,3,10,.300,0,1,.000,0,0,,2,0,2,0,2,0,0,1,6
2013,175,Kris Humphries,/players/h/humphkr01.html,27,BRK,/teams/BRK/2013.html,7,7,177,22,46,.478,0,0,,18,25,.720,19,49,68,6,0,5,7,20,62
2013,176,Serge Ibaka,/players/i/ibakase01.html,23,OKC,/teams/OKC/2013.html,10,10,328,59,103,.573,1,8,.125,26,29,.897,15,50,65,2,3,36,17,32,145
2013,177,Andre Iguodala,/players/i/iguodan01.html,29,DEN,/teams/DEN/2013.html,9,9,335,52,118,.441,13,36,.361,16,22,.727,8,58,66,36,10,10,29,13,133
2013,178,Ersan Ilyasova,/players/i/ilyaser01.html,25,MIL,/teams/MIL/2013.html,7,7,167,17,61,.279,5,18,.278,6,14,.429,8,29,37,9,2,1,6,14,45
2013,179,Kyrie Irving,/players/i/irvinky01.html,20,CLE,/teams/CLE/2013.html,8,8,281,67,142,.472,16,37,.432,44,53,.830,5,28,33,52,9,2,33,23,194
2013,180,Royal Ivey,/players/i/iveyro01.html,31,PHI,/teams/PHI/2013.html,8,0,120,12,29,.414,4,12,.333,6,8,.750,7,10,17,7,6,1,3,11,34
2013,181,Jarrett Jack,/players/j/jackja01.html,29,GSW,/teams/GSW/2013.html,9,0,226,30,62,.484,5,10,.500,15,17,.882,2,27,29,37,7,0,11,16,80
2013,182,Reggie Jackson,/players/j/jacksre01.html,22,OKC,/teams/OKC/2013.html,6,0,26,2,8,.250,1,4,.250,0,0,,1,3,4,1,0,0,1,3,5
2013,183,Stephen Jackson,/players/j/jacksst02.html,34,SAS,/teams/SAS/2013.html,8,0,194,21,56,.375,9,29,.310,15,22,.682,5,27,32,12,8,2,9,17,66
2013,184,Bernard James,/players/j/jamesbe01.html,27,DAL,/teams/DAL/2013.html,8,0,87,10,21,.476,0,1,.000,13,14,.929,12,17,29,1,1,2,6,11,33
2013,185,LeBron James,/players/j/jamesle01.html,28,MIA,/teams/MIA/2013.html,10,10,359,100,186,.538,13,29,.448,35,52,.673,16,76,92,68,8,11,22,17,248
2013,186,Antawn Jamison,/players/j/jamisan01.html,36,LAL,/teams/LAL/2013.html,9,0,148,12,32,.375,4,18,.222,7,11,.636,7,28,35,5,4,3,5,8,35
2013,187,Al Jefferson,/players/j/jeffeal01.html,28,UTA,/teams/UTA/2013.html,10,10,330,63,143,.441,1,3,.333,23,29,.793,26,89,115,20,12,9,16,30,150
2013,188,Richard Jefferson,/players/j/jefferi01.html,32,GSW,/teams/GSW/2013.html,9,0,149,14,44,.318,3,18,.167,9,12,.750,2,12,14,12,5,3,3,9,40
2013,189,Jared Jeffries,/players/j/jeffrja01.html,31,POR,/teams/POR/2013.html,8,0,55,2,8,.250,0,0,,0,0,,3,2,5,3,1,1,3,9,4
2013,190,Charles Jenkins,/players/j/jenkich01.html,23,GSW,/teams/GSW/2013.html,6,0,14,2,4,.500,0,0,,4,6,.667,0,4,4,0,0,0,3,0,8
2013,191,John Jenkins,/players/j/jenkijo01.html,21,ATL,/teams/ATL/2013.html,2,0,5,2,5,.400,0,0,,2,2,1.000,1,2,3,0,0,0,0,0,6
2013,192,Brandon Jennings,/players/j/jennibr01.html,23,MIL,/teams/MIL/2013.html,7,7,242,44,103,.427,11,34,.324,19,21,.905,2,20,22,55,22,3,18,12,118
2013,193,Jonas Jerebko,/players/j/jerebjo01.html,25,DET,/teams/DET/2013.html,10,0,188,25,66,.379,5,23,.217,14,18,.778,18,14,32,6,11,1,8,20,69
2013,194,Amir Johnson,/players/j/johnsam01.html,25,TOR,/teams/TOR/2013.html,8,0,180,25,51,.490,0,1,.000,15,22,.682,26,28,54,9,10,6,9,34,65
2013,195,Ivan Johnson,/players/j/johnsiv01.html,28,ATL,/teams/ATL/2013.html,7,0,84,19,25,.760,0,1,.000,2,7,.286,7,12,19,2,5,1,7,15,40
2013,196,James Johnson,/players/j/johnsja01.html,25,SAC,/teams/SAC/2013.html,9,9,222,21,66,.318,0,8,.000,12,19,.632,7,19,26,10,13,8,18,24,54
2013,197,Joe Johnson,/players/j/johnsjo02.html,31,BRK,/teams/BRK/2013.html,7,7,257,40,104,.385,14,36,.389,18,22,.818,8,19,27,25,8,1,10,7,112
2013,198,Orlando Johnson,/players/j/johnsor01.html,23,IND,/teams/IND/2013.html,2,0,6,0,1,.000,0,0,,0,0,,0,1,1,0,0,0,2,0,0
2013,199,Wesley Johnson,/players/j/johnswe01.html,25,PHO,/teams/PHO/2013.html,5,0,29,2,10,.200,1,4,.250,0,0,,1,6,7,2,0,1,2,2,5
2013,200,Darius Johnson-Odom,/players/j/johnsda03.html,23,LAL,/teams/LAL/2013.html,3,0,3,0,3,.000,0,0,,0,0,,1,1,2,1,0,0,0,0,0
2013,201,Dahntay Jones,/players/j/jonesda02.html,32,DAL,/teams/DAL/2013.html,10,1,105,6,21,.286,2,5,.400,12,16,.750,4,9,13,3,1,1,3,15,26
2013,202,DeQuan Jones,/players/j/jonesde01.html,22,ORL,/teams/ORL/2013.html,2,2,28,2,5,.400,0,0,,0,0,,0,2,2,0,1,2,0,0,4
2013,203,Dominique Jones,/players/j/jonesdo02.html,24,DAL,/teams/DAL/2013.html,6,0,50,5,16,.313,0,3,.000,5,12,.417,5,4,9,18,4,1,6,8,15
2013,204,James Jones,/players/j/jonesja02.html,32,MIA,/teams/MIA/2013.html,5,0,18,4,8,.500,4,8,.500,0,0,,0,0,0,0,0,0,0,1,12
2013,205,Perry Jones,/players/j/jonespe01.html,21,OKC,/teams/OKC/2013.html,5,0,46,3,11,.273,0,0,,0,0,,0,8,8,4,1,0,4,5,6
2013,206,Terrence Jones,/players/j/joneste01.html,21,HOU,/teams/HOU/2013.html,2,0,13,1,6,.167,1,3,.333,2,2,1.000,0,0,0,0,0,2,0,1,5
2013,207,DeAndre Jordan,/players/j/jordade01.html,24,LAC,/teams/LAC/2013.html,8,8,204,40,56,.714,0,0,,7,16,.438,21,35,56,3,6,15,15,26,87
2013,208,Cory Joseph,/players/j/josepco01.html,21,SAS,/teams/SAS/2013.html,1,0,0,0,0,,0,0,,0,0,,0,0,0,0,0,0,0,0,0
2013,209,Kris Joseph,/players/j/josepkr01.html,24,BOS,/teams/BOS/2013.html,1,0,3,0,0,,0,0,,0,0,,0,1,1,1,0,0,1,0,0
2013,210,Chris Kaman,/players/k/kamanch01.html,30,DAL,/teams/DAL/2013.html,8,3,219,51,85,.600,0,0,,15,19,.789,10,44,54,11,1,5,13,18,117
2013,211,Enes Kanter,/players/k/kanteen01.html,20,UTA,/teams/UTA/2013.html,10,0,139,21,38,.553,0,0,,3,8,.375,10,22,32,2,4,4,15,20,45
2013,212,Jason Kidd,/players/k/kiddja01.html,39,NYK,/teams/NYK/2013.html,7,7,177,19,32,.594,13,23,.565,9,9,1.000,2,14,16,22,13,3,4,9,60
2013,213,Michael Kidd-Gilchrist,/players/k/kiddgmi01.html,19,CHA,/teams/CHA/2013.html,7,7,194,29,61,.475,1,1,1.000,19,24,.792,17,31,48,10,8,12,13,20,78
2013,214,Andrei Kirilenko,/players/k/kirilan01.html,31,MIN,/teams/MIN/2013.html,9,9,325,46,77,.597,8,15,.533,27,40,.675,21,54,75,29,13,20,26,8,127
2013,215,Linas Kleiza,/players/k/kleizli01.html,28,TOR,/teams/TOR/2013.html,3,0,67,9,26,.346,3,9,.333,9,9,1.000,3,10,13,1,1,0,2,8,30
2013,216,Brandon Knight,/players/k/knighbr03.html,21,DET,/teams/DET/2013.html,10,10,329,39,105,.371,15,42,.357,20,27,.741,3,40,43,71,4,2,31,22,113
2013,217,Kyle Korver,/players/k/korveky01.html,31,ATL,/teams/ATL/2013.html,8,8,231,29,60,.483,20,43,.465,9,11,.818,2,29,31,14,9,2,6,21,87
2013,218,Kosta Koufos,/players/k/koufoko01.html,23,DEN,/teams/DEN/2013.html,9,9,202,27,50,.540,0,0,,9,15,.600,22,29,51,3,5,16,5,32,63
2013,219,Doron Lamb,/players/l/lambdo01.html,21,MIL,/teams/MIL/2013.html,4,0,29,1,10,.100,0,0,,0,0,,0,0,0,2,1,0,2,1,2
2013,220,Jeremy Lamb,/players/l/lambje01.html,20,OKC,/teams/OKC/2013.html,5,0,18,3,8,.375,2,5,.400,0,0,,0,1,1,1,0,0,1,2,8
2013,221,Carl Landry,/players/l/landrca01.html,29,GSW,/teams/GSW/2013.html,9,0,239,54,89,.607,0,1,.000,30,43,.698,29,40,69,10,3,5,19,28,138
2013,222,Ty Lawson,/players/l/lawsoty01.html,25,DEN,/teams/DEN/2013.html,9,9,341,44,115,.383,5,20,.250,15,28,.536,5,15,20,70,19,1,26,18,108
2013,223,Courtney Lee,/players/l/leeco01.html,27,BOS,/teams/BOS/2013.html,9,5,220,22,48,.458,3,16,.188,6,6,1.000,4,16,20,10,6,0,8,13,53
2013,224,David Lee,/players/l/leeda02.html,29,GSW,/teams/GSW/2013.html,9,9,333,56,127,.441,0,1,.000,24,30,.800,23,69,92,31,9,2,22,32,136
2013,225,Malcolm Lee,/players/l/leema01.html,22,MIN,/teams/MIN/2013.html,7,3,111,10,32,.313,1,8,.125,6,8,.750,3,10,13,8,2,1,2,13,27
2013,226,Kawhi Leonard,/players/l/leonaka01.html,21,SAS,/teams/SAS/2013.html,9,9,260,35,71,.493,9,26,.346,16,17,.941,12,37,49,12,18,2,17,21,95
2013,227,Meyers Leonard,/players/l/leoname01.html,20,POR,/teams/POR/2013.html,9,0,166,12,25,.480,0,1,.000,14,16,.875,15,24,39,3,3,7,4,19,38
2013,228,Jon Leuer,/players/l/leuerjo01.html,23,CLE,/teams/CLE/2013.html,4,0,69,7,21,.333,0,2,.000,1,4,.250,4,5,9,3,1,0,4,8,15
2013,229,Rashard Lewis,/players/l/lewisra02.html,33,MIA,/teams/MIA/2013.html,10,0,162,28,54,.519,14,26,.538,4,8,.500,4,16,20,6,6,1,8,22,74
2013,230,DeAndre Liggins,/players/l/liggide01.html,24,OKC,/teams/OKC/2013.html,3,0,9,0,0,,0,0,,0,0,,1,3,4,1,0,0,0,1,0
2013,231,Damian Lillard,/players/l/lillada01.html,22,POR,/teams/POR/2013.html,9,9,343,61,139,.439,23,58,.397,29,34,.853,7,23,30,58,12,1,31,17,174
2013,232,Jeremy Lin,/players/l/linje01.html,24,HOU,/teams/HOU/2013.html,9,9,312,33,93,.355,8,30,.267,24,28,.857,7,35,42,60,21,6,23,22,98
2013,233,Brook Lopez,/players/l/lopezbr01.html,24,BRK,/teams/BRK/2013.html,7,7,207,52,92,.565,0,0,,25,40,.625,14,32,46,6,3,18,12,11,129
2013,234,Robin Lopez,/players/l/lopezro01.html,24,NOH,/teams/NOH/2013.html,7,7,202,31,60,.517,0,0,,10,14,.714,10,27,37,6,4,13,8,11,72
2013,235,Kyle Lowry,/players/l/lowryky01.html,26,TOR,/teams/TOR/2013.html,4,4,124,24,44,.545,8,18,.444,17,18,.944,5,18,23,25,12,2,10,10,73
2013,236,John Lucas,/players/l/lucasjo02.html,30,TOR,/teams/TOR/2013.html,8,0,87,6,34,.176,4,14,.286,1,2,.500,0,8,8,9,3,0,2,4,17
2013,237,Corey Maggette,/players/m/maggeco01.html,33,DET,/teams/DET/2013.html,2,0,36,5,11,.455,1,3,.333,5,6,.833,0,3,3,3,1,0,6,7,16
2013,238,Ian Mahinmi,/players/m/mahinia01.html,26,IND,/teams/IND/2013.html,10,0,132,15,32,.469,0,1,.000,18,24,.750,14,21,35,2,1,8,13,21,48
2013,239,Shawn Marion,/players/m/mariosh01.html,34,DAL,/teams/DAL/2013.html,5,5,134,15,32,.469,1,2,.500,3,4,.750,7,36,43,16,2,5,14,8,34
2013,240,Kendall Marshall,/players/m/marshke01.html,21,PHO,/teams/PHO/2013.html,3,0,11,0,1,.000,0,0,,0,0,,0,0,0,2,1,0,0,0,0
2013,241,Cartier Martin,/players/m/martica01.html,28,WAS,/teams/WAS/2013.html,4,0,26,8,12,.667,5,7,.714,0,0,,0,5,5,0,2,0,2,2,21
2013,242,Kevin Martin,/players/m/martike02.html,29,OKC,/teams/OKC/2013.html,10,0,295,47,98,.480,25,49,.510,52,55,.945,2,28,30,20,13,2,16,20,171
2013,243,Roger Mason,/players/m/masonro01.html,32,NOH,/teams/NOH/2013.html,7,0,122,10,25,.400,5,13,.385,9,9,1.000,1,9,10,7,0,0,3,8,34
2013,244,Wesley Matthews,/players/m/matthwe02.html,26,POR,/teams/POR/2013.html,9,9,344,50,118,.424,20,49,.408,25,38,.658,7,24,31,22,16,1,16,29,145
2013,245,Jason Maxiell,/players/m/maxieja01.html,29,DET,/teams/DET/2013.html,10,10,260,38,71,.535,0,0,,17,26,.654,21,41,62,5,3,14,10,23,93
2013,246,Eric Maynor,/players/m/maynoer01.html,25,OKC,/teams/OKC/2013.html,10,0,132,16,43,.372,6,16,.375,10,12,.833,0,3,3,16,2,0,9,4,48
2013,247,O.J. Mayo,/players/m/mayooj01.html,25,DAL,/teams/DAL/2013.html,10,10,346,72,148,.486,33,56,.589,38,45,.844,8,28,36,29,5,2,26,24,215
2013,248,JaVale McGee,/players/m/mcgeeja01.html,25,DEN,/teams/DEN/2013.html,9,0,175,44,77,.571,0,0,,9,11,.818,27,26,53,5,1,16,14,14,97
2013,249,Dominic McGuire,/players/m/mcguido01.html,27,TOR,/teams/TOR/2013.html,7,2,95,7,11,.636,0,0,,1,2,.500,4,11,15,2,2,3,4,12,15
2013,250,Josh McRoberts,/players/m/mcrobjo01.html,25,ORL,/teams/ORL/2013.html,8,2,134,14,26,.538,2,3,.667,5,8,.625,8,25,33,11,3,3,4,12,35
2013,251,Jodie Meeks,/players/m/meeksjo01.html,25,LAL,/teams/LAL/2013.html,7,0,73,9,27,.333,4,17,.235,0,0,,1,7,8,4,4,0,7,4,22
2013,252,Khris Middleton,/players/m/middlkh01.html,21,DET,/teams/DET/2013.html,2,0,10,1,3,.333,0,0,,2,2,1.000,0,0,0,0,2,0,0,1,4
2013,253,C.J. Miles,/players/m/milescj01.html,25,CLE,/teams/CLE/2013.html,6,0,95,11,47,.234,5,23,.217,0,0,,0,12,12,5,4,0,10,12,27
2013,254,Darko Milicic,/players/m/milicda01.html,27,BOS,/teams/BOS/2013.html,1,0,5,0,1,.000,0,0,,0,0,,0,1,1,0,0,0,2,1,0
2013,255,Andre Miller,/players/m/millean02.html,36,DEN,/teams/DEN/2013.html,9,0,238,37,77,.481,4,9,.444,16,19,.842,13,24,37,49,7,2,21,17,94
2013,256,Darius Miller,/players/m/milleda01.html,22,NOH,/teams/NOH/2013.html,7,1,108,6,16,.375,5,13,.385,1,1,1.000,0,8,8,8,7,1,4,10,18
2013,257,Mike Miller,/players/m/millemi01.html,32,MIA,/teams/MIA/2013.html,8,2,94,7,17,.412,7,16,.438,1,1,1.000,3,16,19,9,0,0,2,5,22
2013,258,Patrick Mills,/players/m/millspa02.html,24,SAS,/teams/SAS/2013.html,8,1,88,16,33,.485,4,11,.364,2,3,.667,3,3,6,9,3,1,11,4,38
2013,259,Paul Millsap,/players/m/millspa01.html,27,UTA,/teams/UTA/2013.html,10,10,321,63,125,.504,10,17,.588,31,43,.721,28,66,94,26,10,14,22,32,167
2013,260,Nazr Mohammed,/players/m/mohamna01.html,35,CHI,/teams/CHI/2013.html,8,0,53,1,12,.083,0,0,,2,4,.500,5,9,14,3,1,4,1,8,4
2013,261,Greg Monroe,/players/m/monrogr01.html,22,DET,/teams/DET/2013.html,10,10,343,67,142,.472,0,0,,31,42,.738,25,70,95,34,16,11,28,27,165
2013,262,E'Twaun Moore,/players/m/mooreet01.html,23,ORL,/teams/ORL/2013.html,8,6,270,41,94,.436,14,31,.452,3,6,.500,11,17,28,33,4,2,20,16,99
2013,263,Darius Morris,/players/m/morrida01.html,22,LAL,/teams/LAL/2013.html,7,2,140,14,40,.350,5,13,.385,6,12,.500,9,3,12,18,3,0,9,8,39
2013,264,Marcus Morris,/players/m/morrima03.html,23,HOU,/teams/HOU/2013.html,9,1,188,38,74,.514,13,31,.419,4,10,.400,18,23,41,4,4,4,7,22,93
2013,265,Markieff Morris,/players/m/morrima02.html,23,PHO,/teams/PHO/2013.html,10,0,188,28,87,.322,2,12,.167,10,15,.667,20,27,47,11,8,3,9,32,68
2013,266,Anthony Morrow,/players/m/morroan01.html,27,ATL,/teams/ATL/2013.html,5,0,59,12,24,.500,4,7,.571,4,4,1.000,1,2,3,0,4,1,0,7,32
2013,267,Donatas Motiejunas,/players/m/motiedo01.html,22,HOU,/teams/HOU/2013.html,1,0,5,1,1,1.000,0,0,,1,2,.500,0,0,0,0,0,0,0,2,3
2013,268,Arnett Moultrie,/players/m/moultar01.html,22,PHI,/teams/PHI/2013.html,4,0,19,1,2,.500,0,0,,2,4,.500,4,2,6,0,1,0,1,3,4
2013,269,Timofey Mozgov,/players/m/mozgoti01.html,26,DEN,/teams/DEN/2013.html,2,0,22,1,3,.333,0,0,,2,2,1.000,2,3,5,0,1,2,0,6,4
2013,270,Byron Mullens,/players/m/mulleby01.html,23,CHA,/teams/CHA/2013.html,7,7,224,32,82,.390,11,39,.282,4,6,.667,15,48,63,10,7,8,5,19,79
2013,271,Kevin Murphy,/players/m/murphke01.html,22,UTA,/teams/UTA/2013.html,2,0,5,1,3,.333,0,0,,0,0,,0,0,0,0,1,0,1,1,2
2013,272,Troy Murphy,/players/m/murphtr01.html,32,DAL,/teams/DAL/2013.html,8,0,153,13,38,.342,3,16,.188,6,7,.857,6,30,36,5,5,2,5,17,35
2013,273,Steve Nash,/players/n/nashst01.html,38,LAL,/teams/LAL/2013.html,2,2,50,4,12,.333,1,5,.200,0,0,,0,6,6,8,1,1,3,2,9
2013,274,Gary Neal,/players/n/nealga01.html,28,SAS,/teams/SAS/2013.html,8,0,144,32,58,.552,6,19,.316,11,13,.846,4,17,21,17,1,0,8,7,81
2013,275,Jameer Nelson,/players/n/nelsoja01.html,30,ORL,/teams/ORL/2013.html,2,2,67,6,20,.300,2,8,.250,8,8,1.000,0,8,8,17,3,0,3,7,22
2013,276,Andrew Nicholson,/players/n/nichoan01.html,23,ORL,/teams/ORL/2013.html,8,0,93,18,36,.500,0,0,,11,13,.846,6,12,18,2,2,4,6,14,47
2013,277,Joakim Noah,/players/n/noahjo01.html,27,CHI,/teams/CHI/2013.html,8,8,318,47,93,.505,0,1,.000,34,43,.791,32,46,78,28,11,18,21,24,128
2013,278,Steve Novak,/players/n/novakst01.html,29,NYK,/teams/NYK/2013.html,7,0,146,14,35,.400,11,29,.379,2,2,1.000,1,11,12,4,2,1,3,8,41
2013,279,Jermaine O'Neal,/players/o/onealje01.html,34,PHO,/teams/PHO/2013.html,4,0,57,4,9,.444,0,0,,8,10,.800,3,12,15,1,1,7,3,9,16
2013,280,Kyle O'Quinn,/players/o/oquinky01.html,22,ORL,/teams/ORL/2013.html,4,0,21,0,3,.000,0,0,,4,4,1.000,0,6,6,0,0,3,3,3,4
2013,281,Lamar Odom,/players/o/odomla01.html,33,LAC,/teams/LAC/2013.html,8,0,93,5,24,.208,1,7,.143,0,0,,0,17,17,6,4,6,7,11,11
2013,282,Emeka Okafor,/players/o/okafoem01.html,30,WAS,/teams/WAS/2013.html,7,7,169,24,57,.421,0,0,,11,16,.688,16,26,42,5,5,16,6,13,59
2013,283,Daniel Orton,/players/o/ortonda01.html,22,OKC,/teams/OKC/2013.html,1,0,2,1,1,1.000,0,0,,0,0,,0,0,0,0,0,1,0,0,2
2013,284,Travis Outlaw,/players/o/outlatr01.html,28,SAC,/teams/SAC/2013.html,4,1,53,7,19,.368,1,4,.250,0,0,,1,6,7,5,2,3,3,8,15
2013,285,Zaza Pachulia,/players/p/pachuza01.html,28,ATL,/teams/ATL/2013.html,8,4,208,18,38,.474,0,2,.000,9,14,.643,22,34,56,14,7,4,13,21,45
2013,286,Jannero Pargo,/players/p/pargoja01.html,33,WAS,/teams/WAS/2013.html,7,0,102,8,32,.250,3,20,.150,2,2,1.000,0,6,6,14,0,1,8,8,21
2013,287,Jeremy Pargo,/players/p/pargoje01.html,26,CLE,/teams/CLE/2013.html,1,0,2,1,1,1.000,0,0,,0,0,,0,0,0,0,1,0,0,0,2
2013,288,Tony Parker,/players/p/parketo01.html,30,SAS,/teams/SAS/2013.html,8,8,247,45,115,.391,3,9,.333,21,28,.750,3,23,26,65,3,1,16,15,114
2013,289,Chandler Parsons,/players/p/parsoch01.html,24,HOU,/teams/HOU/2013.html,9,9,354,43,106,.406,19,54,.352,13,17,.765,13,49,62,31,9,0,20,19,118
2013,290,Patrick Patterson,/players/p/pattepa01.html,23,HOU,/teams/HOU/2013.html,8,8,241,41,87,.471,4,15,.267,1,2,.500,17,23,40,9,4,3,10,16,87
2013,291,Chris Paul,/players/p/paulch01.html,27,LAC,/teams/LAC/2013.html,8,8,261,43,90,.478,8,20,.400,42,46,.913,1,25,26,82,18,0,17,19,136
2013,292,Sasha Pavlovic,/players/p/pavloal01.html,29,POR,/teams/POR/2013.html,8,0,109,7,18,.389,4,11,.364,0,1,.000,2,9,11,5,7,1,1,10,18
2013,293,Nikola Pekovic,/players/p/pekovni01.html,27,MIN,/teams/MIN/2013.html,7,7,211,42,78,.538,0,0,,23,32,.719,17,25,42,7,6,7,16,18,107
2013,294,Jeff Pendergraph,/players/p/pendeje02.html,25,IND,/teams/IND/2013.html,2,0,8,3,5,.600,0,0,,0,0,,3,3,6,1,0,1,2,1,6
2013,295,Kendrick Perkins,/players/p/perkike01.html,28,OKC,/teams/OKC/2013.html,10,10,248,20,34,.588,0,0,,7,13,.538,11,33,44,16,3,7,11,26,47
2013,296,Johan Petro,/players/p/petrojo01.html,27,ATL,/teams/ATL/2013.html,1,0,5,0,0,,0,0,,0,0,,0,0,0,0,0,0,1,1,0
2013,297,Paul Pierce,/players/p/piercpa01.html,35,BOS,/teams/BOS/2013.html,9,9,311,56,136,.412,18,41,.439,50,61,.820,4,52,56,31,15,3,17,26,180
2013,298,Miles Plumlee,/players/p/plumlmi01.html,24,IND,/teams/IND/2013.html,3,0,12,1,4,.250,0,0,,2,2,1.000,3,2,5,1,0,1,0,0,4
2013,299,Quincy Pondexter,/players/p/pondequ01.html,24,MEM,/teams/MEM/2013.html,8,0,176,19,46,.413,11,25,.440,6,9,.667,5,8,13,12,9,0,3,11,55
2013,300,A.J. Price,/players/p/priceaj01.html,26,WAS,/teams/WAS/2013.html,7,7,220,26,79,.329,14,45,.311,5,6,.833,3,21,24,48,5,0,16,13,71
2013,301,Ronnie Price,/players/p/pricero01.html,29,POR,/teams/POR/2013.html,7,0,98,8,21,.381,2,7,.286,3,5,.600,3,10,13,7,4,0,6,22,21
2013,302,Pablo Prigioni,/players/p/prigipa01.html,35,NYK,/teams/NYK/2013.html,7,0,88,8,17,.471,2,7,.286,4,4,1.000,1,3,4,18,7,0,7,10,22
2013,303,Tayshaun Prince,/players/p/princta01.html,32,DET,/teams/DET/2013.html,10,10,320,50,111,.450,5,8,.625,22,28,.786,8,33,41,23,6,5,13,9,127
2013,304,Joel Przybilla,/players/p/przybjo01.html,33,MIL,/teams/MIL/2013.html,3,0,19,1,2,.500,0,0,,0,0,,2,7,9,0,0,1,0,1,2
2013,305,Vladimir Radmanovic,/players/r/radmavl01.html,32,CHI,/teams/CHI/2013.html,3,0,3,1,4,.250,1,4,.250,0,0,,0,0,0,1,0,0,0,2,3
2013,306,Anthony Randolph,/players/r/randoan01.html,23,DEN,/teams/DEN/2013.html,1,0,5,1,1,1.000,0,0,,0,0,,1,1,2,0,0,0,1,1,2
2013,307,Zach Randolph,/players/r/randoza01.html,31,MEM,/teams/MEM/2013.html,8,8,295,53,110,.482,0,2,.000,31,38,.816,45,68,113,7,7,6,19,21,137
2013,308,J.J. Redick,/players/r/redicjj01.html,28,ORL,/teams/ORL/2013.html,8,3,260,44,90,.489,13,33,.394,25,29,.862,2,16,18,44,6,0,20,10,126
2013,309,Jason Richardson,/players/r/richaja01.html,32,PHI,/teams/PHI/2013.html,5,5,136,22,54,.407,13,28,.464,2,4,.500,3,14,17,7,9,4,0,6,59
2013,310,Luke Ridnour,/players/r/ridnolu01.html,31,MIN,/teams/MIN/2013.html,9,9,291,35,85,.412,11,29,.379,22,28,.786,4,31,35,40,17,3,16,25,103
2013,311,Austin Rivers,/players/r/riverau01.html,20,NOH,/teams/NOH/2013.html,6,6,177,14,48,.292,3,12,.250,10,12,.833,2,11,13,17,7,1,12,13,41
2013,312,Brian Roberts,/players/r/roberbr01.html,27,NOH,/teams/NOH/2013.html,7,0,97,17,41,.415,4,10,.400,7,8,.875,2,4,6,19,2,0,6,5,45
2013,313,Nate Robinson,/players/r/robinna01.html,28,CHI,/teams/CHI/2013.html,8,1,191,37,77,.481,8,20,.400,9,12,.750,2,22,24,36,9,0,20,19,91
2013,314,Thomas Robinson,/players/r/robinth01.html,21,SAC,/teams/SAC/2013.html,7,0,115,15,30,.500,0,0,,8,13,.615,8,16,24,3,9,1,9,20,38
2013,315,Rajon Rondo,/players/r/rondora01.html,26,BOS,/teams/BOS/2013.html,8,8,311,50,98,.510,3,11,.273,11,20,.550,6,33,39,100,17,0,25,22,114
2013,316,Terrence Ross,/players/r/rosste01.html,21,TOR,/teams/TOR/2013.html,7,0,64,11,27,.407,5,14,.357,0,0,,0,5,5,3,3,0,4,10,27
2013,317,Brandon Roy,/players/r/roybr01.html,28,MIN,/teams/MIN/2013.html,5,5,122,11,35,.314,0,9,.000,7,10,.700,3,11,14,23,3,0,7,5,29
2013,318,Brandon Rush,/players/r/rushbr01.html,27,GSW,/teams/GSW/2013.html,2,0,25,6,9,.667,0,2,.000,2,3,.667,0,1,1,2,0,0,3,5,14
2013,319,Robert Sacre,/players/s/sacrero01.html,23,LAL,/teams/LAL/2013.html,5,0,15,1,2,.500,0,0,,0,0,,0,0,0,1,0,2,2,5,2
2013,320,John Salmons,/players/s/salmojo01.html,33,SAC,/teams/SAC/2013.html,4,0,75,10,22,.455,3,6,.500,3,4,.750,0,5,5,8,6,2,5,4,26
2013,321,Samardo Samuels,/players/s/samuesa01.html,24,CLE,/teams/CLE/2013.html,6,1,100,11,25,.440,0,0,,5,8,.625,8,9,17,4,0,1,4,14,27
2013,322,Larry Sanders,/players/s/sandela01.html,24,MIL,/teams/MIL/2013.html,7,0,175,30,46,.652,0,1,.000,11,16,.688,18,42,60,6,2,16,13,35,71
2013,323,Luis Scola,/players/s/scolalu01.html,32,PHO,/teams/PHO/2013.html,10,10,314,67,139,.482,1,3,.333,21,25,.840,27,61,88,20,12,8,16,29,156
2013,324,Mike Scott,/players/s/scottmi01.html,24,ATL,/teams/ATL/2013.html,3,0,9,1,3,.333,0,0,,0,0,,1,0,1,0,0,0,1,1,2
2013,325,Thabo Sefolosha,/players/s/sefolth01.html,28,OKC,/teams/OKC/2013.html,10,10,264,23,46,.500,12,21,.571,6,6,1.000,6,39,45,17,7,5,14,19,64
2013,326,Josh Selby,/players/s/selbyjo01.html,21,MEM,/teams/MEM/2013.html,3,0,8,0,3,.000,0,1,.000,0,0,,0,1,1,1,1,0,2,2,0
2013,327,Kevin Seraphin,/players/s/serapke01.html,23,WAS,/teams/WAS/2013.html,6,0,131,29,54,.537,0,0,,4,6,.667,9,17,26,9,2,5,14,19,62
2013,328,Ramon Sessions,/players/s/sessira01.html,26,CHA,/teams/CHA/2013.html,7,0,192,37,92,.402,4,19,.211,36,46,.783,5,19,24,32,3,0,13,7,114
2013,329,Tornike Shengelia,/players/s/shengto01.html,21,BRK,/teams/BRK/2013.html,3,0,19,2,2,1.000,1,1,1.000,3,5,.600,0,1,1,0,0,0,2,2,8
2013,330,Alexey Shved,/players/s/shvedal01.html,24,MIN,/teams/MIN/2013.html,9,0,209,31,81,.383,9,37,.243,23,28,.821,8,20,28,38,3,7,16,12,94
2013,331,Kyle Singler,/players/s/singlky01.html,24,DET,/teams/DET/2013.html,10,2,233,34,68,.500,10,22,.455,15,20,.750,10,18,28,4,2,9,6,25,93
2013,332,Chris Singleton,/players/s/singlch01.html,23,WAS,/teams/WAS/2013.html,7,0,87,13,28,.464,0,5,.000,4,5,.800,6,12,18,6,5,0,5,15,30
2013,333,Donald Sloan,/players/s/sloando01.html,25,CLE,/teams/CLE/2013.html,8,0,81,7,24,.292,3,9,.333,4,7,.571,1,4,5,16,0,0,6,5,21
2013,334,Greg Smith,/players/s/smithgr02.html,22,HOU,/teams/HOU/2013.html,4,0,47,7,10,.700,0,0,,6,6,1.000,3,7,10,5,3,1,1,13,20
2013,335,Ishmael Smith,/players/s/smithis01.html,24,ORL,/teams/ORL/2013.html,7,0,85,2,18,.111,0,3,.000,0,0,,1,11,12,15,2,1,7,3,4
2013,336,J.R. Smith,/players/s/smithjr01.html,27,NYK,/teams/NYK/2013.html,7,0,239,45,94,.479,14,22,.636,13,16,.813,2,34,36,21,12,4,8,17,117
2013,337,Jason Smith,/players/s/smithja02.html,26,NOH,/teams/NOH/2013.html,7,0,105,19,35,.543,0,0,,20,22,.909,9,15,24,1,2,9,9,14,58
2013,338,Josh Smith,/players/s/smithjo03.html,27,ATL,/teams/ATL/2013.html,7,7,256,50,121,.413,2,10,.200,7,19,.368,12,46,58,26,8,14,22,21,109
2013,339,Nolan Smith,/players/s/smithno01.html,24,POR,/teams/POR/2013.html,6,0,35,4,8,.500,1,2,.500,0,0,,1,1,2,3,0,0,6,3,9
2013,340,Marreese Speights,/players/s/speigma01.html,25,MEM,/teams/MEM/2013.html,8,0,137,21,53,.396,0,0,,10,14,.714,13,25,38,5,2,7,8,22,52
2013,341,Tiago Splitter,/players/s/splitti01.html,28,SAS,/teams/SAS/2013.html,9,1,144,24,44,.545,0,0,,12,19,.632,15,16,31,6,3,7,15,17,60
2013,342,Jerry Stackhouse,/players/s/stackje01.html,38,BRK,/teams/BRK/2013.html,4,0,60,9,18,.500,5,11,.455,0,0,,1,3,4,6,1,1,0,5,23
2013,343,Lance Stephenson,/players/s/stephla01.html,22,IND,/teams/IND/2013.html,10,4,241,33,67,.493,11,24,.458,6,7,.857,1,27,28,23,6,1,15,16,83
2013,344,DeShawn Stevenson,/players/s/stevede01.html,31,ATL,/teams/ATL/2013.html,6,4,174,15,37,.405,12,30,.400,2,3,.667,3,12,15,5,5,1,2,8,44
2013,345,Greg Stiemsma,/players/s/stiemgr01.html,27,MIN,/teams/MIN/2013.html,9,2,134,15,40,.375,0,0,,9,14,.643,6,21,27,4,3,13,10,25,39
2013,346,Rodney Stuckey,/players/s/stuckro01.html,26,DET,/teams/DET/2013.html,9,8,284,28,92,.304,6,25,.240,21,27,.778,3,16,19,35,3,3,11,17,83
2013,347,Jared Sullinger,/players/s/sullija01.html,20,BOS,/teams/BOS/2013.html,9,3,143,11,23,.478,1,1,1.000,4,4,1.000,9,21,30,6,2,5,3,21,27
2013,348,Jeff Taylor,/players/t/tayloje03.html,23,CHA,/teams/CHA/2013.html,6,5,119,12,34,.353,2,12,.167,2,4,.500,5,8,13,4,3,3,7,7,28
2013,349,Tyshawn Taylor,/players/t/tayloty01.html,22,BRK,/teams/BRK/2013.html,4,0,20,3,8,.375,0,0,,1,2,.500,0,0,0,1,3,0,3,1,7
2013,350,Jeff Teague,/players/t/teaguje01.html,24,ATL,/teams/ATL/2013.html,8,8,220,45,86,.523,6,14,.429,14,15,.933,4,18,22,50,12,4,25,10,110
2013,351,Marquis Teague,/players/t/teaguma01.html,19,CHI,/teams/CHI/2013.html,4,0,28,2,8,.250,0,1,.000,3,4,.750,0,4,4,5,0,0,1,5,7
2013,352,Mirza Teletovic,/players/t/teletmi01.html,27,BRK,/teams/BRK/2013.html,3,0,31,5,15,.333,3,11,.273,0,0,,1,5,6,3,2,0,0,1,13
2013,353,Sebastian Telfair,/players/t/telfase01.html,27,PHO,/teams/PHO/2013.html,10,0,168,21,54,.389,6,20,.300,10,13,.769,4,15,19,21,9,3,5,24,58
2013,354,Jason Terry,/players/t/terryja01.html,35,BOS,/teams/BOS/2013.html,9,4,227,33,68,.485,11,28,.393,19,22,.864,2,10,12,21,6,1,14,15,96
2013,355,Hasheem Thabeet,/players/t/thabeha01.html,25,OKC,/teams/OKC/2013.html,8,0,99,5,7,.714,0,0,,10,13,.769,9,18,27,1,4,8,9,24,20
2013,356,Isaiah Thomas,/players/t/thomais02.html,23,SAC,/teams/SAC/2013.html,8,8,187,32,72,.444,13,33,.394,9,11,.818,5,7,12,15,5,0,16,17,86
2013,357,Kurt Thomas,/players/t/thomaku01.html,40,NYK,/teams/NYK/2013.html,4,0,50,3,11,.273,0,0,,2,3,.667,4,10,14,2,1,2,1,4,8
2013,358,Lance Thomas,/players/t/thomala01.html,24,NOH,/teams/NOH/2013.html,3,0,21,1,6,.167,0,0,,2,4,.500,3,5,8,0,0,0,0,2,4
2013,359,Tyrus Thomas,/players/t/thomaty01.html,26,CHA,/teams/CHA/2013.html,7,0,128,18,47,.383,0,0,,17,20,.850,7,17,24,7,4,10,7,22,53
2013,360,Jason Thompson,/players/t/thompja02.html,26,SAC,/teams/SAC/2013.html,9,9,276,37,71,.521,0,1,.000,26,32,.813,22,42,64,10,5,12,9,29,100
2013,361,Klay Thompson,/players/t/thompkl01.html,22,GSW,/teams/GSW/2013.html,9,9,309,49,137,.358,21,63,.333,17,23,.739,6,33,39,21,6,3,22,26,136
2013,362,Tristan Thompson,/players/t/thomptr01.html,21,CLE,/teams/CLE/2013.html,8,8,253,27,58,.466,0,0,,19,35,.543,27,33,60,10,11,2,14,25,73
2013,363,Marcus Thornton,/players/t/thornma01.html,25,SAC,/teams/SAC/2013.html,9,0,271,52,130,.400,12,47,.255,17,21,.810,12,18,30,17,8,0,7,17,133
2013,364,Jamaal Tinsley,/players/t/tinslja01.html,34,UTA,/teams/UTA/2013.html,9,1,158,4,22,.182,0,9,.000,1,2,.500,0,10,10,45,5,1,15,12,9
2013,365,Anthony Tolliver,/players/t/tollian01.html,27,ATL,/teams/ATL/2013.html,7,1,103,9,31,.290,3,15,.200,4,5,.800,3,12,15,1,4,0,6,8,25
2013,366,P.J. Tucker,/players/t/tuckepj01.html,27,PHO,/teams/PHO/2013.html,10,0,162,18,35,.514,0,0,,5,9,.556,19,15,34,10,6,4,6,18,41
2013,367,Ronny Turiaf,/players/t/turiaro01.html,30,LAC,/teams/LAC/2013.html,7,0,85,2,3,.667,0,0,,3,4,.750,3,15,18,5,5,7,2,8,7
2013,368,Hedo Turkoglu,/players/t/turkohe01.html,33,ORL,/teams/ORL/2013.html,1,1,17,3,4,.750,0,1,.000,0,0,,1,1,2,1,2,0,0,3,6
2013,369,Evan Turner,/players/t/turneev01.html,24,PHI,/teams/PHI/2013.html,9,9,290,34,91,.374,4,9,.444,24,30,.800,9,59,68,31,6,2,18,23,96
2013,370,Jeremy Tyler,/players/t/tylerje01.html,21,GSW,/teams/GSW/2013.html,1,0,6,3,4,.750,0,0,,0,0,,1,0,1,0,1,0,1,0,6
2013,371,Ekpe Udoh,/players/u/udohek01.html,25,MIL,/teams/MIL/2013.html,7,0,143,14,30,.467,0,0,,11,12,.917,11,11,22,3,6,5,4,10,39
2013,372,Beno Udrih,/players/u/udrihbe01.html,30,MIL,/teams/MIL/2013.html,6,0,113,19,39,.487,2,6,.333,6,6,1.000,4,15,19,23,7,1,10,7,46
2013,373,Jonas Valanciunas,/players/v/valanjo01.html,20,TOR,/teams/TOR/2013.html,8,8,158,27,56,.482,0,0,,13,14,.929,20,22,42,9,3,5,9,24,67
2013,374,Anderson Varejao,/players/v/varejan01.html,30,CLE,/teams/CLE/2013.html,7,7,245,48,79,.608,0,1,.000,15,21,.714,35,61,96,24,10,3,10,17,111
2013,375,Greivis Vasquez,/players/v/vasqugr01.html,26,NOH,/teams/NOH/2013.html,7,7,227,29,83,.349,6,21,.286,17,23,.739,1,26,27,60,3,1,20,13,81
2013,376,Jan Vesely,/players/v/veselja01.html,22,WAS,/teams/WAS/2013.html,7,0,96,8,17,.471,0,0,,1,9,.111,6,12,18,6,3,2,4,21,17
2013,377,Charlie Villanueva,/players/v/villach01.html,28,DET,/teams/DET/2013.html,2,0,9,1,5,.200,1,3,.333,0,2,.000,0,2,2,1,0,0,1,0,3
2013,378,Nikola Vucevic,/players/v/vucevni01.html,22,ORL,/teams/ORL/2013.html,8,8,248,40,87,.460,0,1,.000,9,11,.818,20,51,71,14,5,8,15,23,89
2013,379,Dwyane Wade,/players/w/wadedw01.html,31,MIA,/teams/MIA/2013.html,8,8,266,54,115,.470,1,6,.167,26,34,.765,10,23,33,39,10,7,20,14,135
2013,380,Dion Waiters,/players/w/waitedi01.html,21,CLE,/teams/CLE/2013.html,8,8,233,44,100,.440,18,37,.486,10,17,.588,1,17,18,17,8,2,14,12,116
2013,381,Kemba Walker,/players/w/walkeke02.html,22,CHA,/teams/CHA/2013.html,7,7,251,49,113,.434,3,17,.176,32,37,.865,7,19,26,36,20,2,13,18,133
2013,382,Gerald Wallace,/players/w/wallage01.html,30,BRK,/teams/BRK/2013.html,1,1,30,4,8,.500,1,3,.333,1,2,.500,0,6,6,4,2,0,2,3,10
2013,383,Rasheed Wallace,/players/w/wallara01.html,38,NYK,/teams/NYK/2013.html,7,0,92,20,43,.465,5,22,.227,4,6,.667,2,21,23,2,4,7,3,13,49
2013,384,Luke Walton,/players/w/waltolu01.html,32,CLE,/teams/CLE/2013.html,4,0,30,1,7,.143,0,3,.000,0,0,,1,1,2,0,2,0,3,5,2
2013,385,Hakim Warrick,/players/w/warriha01.html,30,NOH,/teams/NOH/2013.html,1,0,7,1,2,.500,0,0,,2,2,1.000,0,0,0,0,1,0,0,0,4
2013,386,C.J. Watson,/players/w/watsocj01.html,28,BRK,/teams/BRK/2013.html,7,0,169,21,51,.412,9,28,.321,4,5,.800,7,2,9,13,10,3,11,14,55
2013,387,Maalik Wayns,/players/w/waynsma01.html,21,PHI,/teams/PHI/2013.html,5,0,21,1,9,.111,0,2,.000,0,0,,0,0,0,3,0,0,3,2,2
2013,388,Martell Webster,/players/w/webstma02.html,26,WAS,/teams/WAS/2013.html,7,0,150,15,37,.405,8,22,.364,13,14,.929,2,23,25,10,2,3,8,11,51
2013,389,David West,/players/w/westda01.html,32,IND,/teams/IND/2013.html,10,10,329,62,146,.425,0,3,.000,26,36,.722,21,61,82,15,6,10,11,18,150
2013,390,Russell Westbrook,/players/w/westbru01.html,24,OKC,/teams/OKC/2013.html,10,10,358,69,178,.388,12,43,.279,46,61,.754,16,33,49,85,13,1,30,29,196
2013,391,James White,/players/w/whiteja02.html,30,NYK,/teams/NYK/2013.html,4,0,9,1,2,.500,1,1,1.000,1,2,.500,0,0,0,0,0,0,0,2,4
2013,392,Chris Wilcox,/players/w/wilcoch01.html,30,BOS,/teams/BOS/2013.html,8,0,92,12,14,.857,0,0,,16,20,.800,5,11,16,2,2,3,5,16,40
2013,393,Damien Wilkins,/players/w/wilkida02.html,33,PHI,/teams/PHI/2013.html,5,0,40,3,10,.300,0,1,.000,1,2,.500,0,5,5,1,0,1,0,5,7
2013,394,Deron Williams,/players/w/willide01.html,28,BRK,/teams/BRK/2013.html,7,7,247,44,98,.449,11,37,.297,31,36,.861,3,13,16,54,5,3,28,12,130
2013,395,Derrick Williams,/players/w/willide02.html,21,MIN,/teams/MIN/2013.html,9,9,215,32,90,.356,5,14,.357,24,31,.774,13,38,51,8,2,8,13,7,93
2013,396,Louis Williams,/players/w/willilo02.html,26,ATL,/teams/ATL/2013.html,8,0,189,33,86,.384,12,40,.300,35,42,.833,2,17,19,29,13,0,14,6,113
2013,397,Marvin Williams,/players/w/willima02.html,26,UTA,/teams/UTA/2013.html,10,10,279,35,78,.449,6,23,.261,19,22,.864,7,31,38,9,7,9,11,14,95
2013,398,Mo Williams,/players/w/willima01.html,30,UTA,/teams/UTA/2013.html,9,9,321,56,132,.424,14,43,.326,18,19,.947,4,17,21,62,10,7,25,21,144
2013,399,Reggie Williams,/players/w/willire02.html,26,CHA,/teams/CHA/2013.html,7,0,79,13,25,.520,5,12,.417,2,2,1.000,4,8,12,3,6,0,4,4,33
2013,400,Metta World Peace,/players/a/artesro01.html,33,LAL,/teams/LAL/2013.html,9,9,313,38,99,.384,20,58,.345,20,25,.800,6,40,46,19,15,4,18,18,116
2013,401,Brandan Wright,/players/w/wrighbr03.html,25,DAL,/teams/DAL/2013.html,9,8,184,38,59,.644,0,0,,12,19,.632,9,29,38,8,6,10,8,11,88
2013,402,Dorell Wright,/players/w/wrighdo01.html,27,PHI,/teams/PHI/2013.html,9,4,232,29,87,.333,18,51,.353,20,23,.870,10,39,49,6,15,5,14,7,96
2013,403,Tony Wroten,/players/w/wroteto01.html,19,MEM,/teams/MEM/2013.html,3,0,8,0,4,.000,0,0,,0,0,,1,0,1,0,1,0,0,1,0
2013,404,Nick Young,/players/y/youngni01.html,27,PHI,/teams/PHI/2013.html,9,0,216,28,82,.341,10,32,.313,16,18,.889,0,13,13,10,7,2,7,12,82
2013,405,Sam Young,/players/y/youngsa01.html,27,IND,/teams/IND/2013.html,8,3,99,14,29,.483,3,12,.250,3,8,.375,4,16,20,5,5,1,9,6,34
2013,406,Thaddeus Young,/players/y/youngth01.html,24,PHI,/teams/PHI/2013.html,9,9,307,51,101,.505,0,0,,13,17,.765,20,47,67,10,15,6,12,23,115
2013,407,Luke Zeller,/players/z/zellelu01.html,25,PHO,/teams/PHO/2013.html,3,0,11,4,5,.800,1,1,1.000,0,0,,0,2,2,0,0,0,0,0,9
2013,408,Tyler Zeller,/players/z/zellety01.html,23,CLE,/teams/CLE/2013.html,4,0,74,12,24,.500,0,0,,6,15,.400,8,10,18,3,4,1,4,10,30
